3002, 17831896, 6764
3002, 6948812, 2210
3002, 19929037, 8191
3002, 7604169, 2673
3002, 21829577, 8191
3002, 8193991, 2673
3002, 24451008, 8191
3002, 9045957, 2673
3002, 25761737, 8191
3002, 9504711, 2673
3002, 28645356, 8191
3002, 10422227, 2673
3002, 31725509, 8191
3002, 11405254, 2673
3002, 33626057, 8191
3002, 12060615, 2673
3002, 35919817, 8191
3002, 12781511, 2673
3002, 38082496, 8191
3002, 13502405, 2673
3002, 40966068, 8191
3002, 14419905, 2673
3002, 43063225, 8191
3002, 15075266, 2673
3002, 45684656, 8191
3002, 15927231, 2673
3002, 47716276, 8191
3002, 16648129, 2673
3002, 49878968, 8191
3002, 17303490, 2673
3002, 51976112, 8191
3002, 18024383, 2673
3002, 54335405, 8191
3002, 18745278, 2673
3002, 56432556, 8191
3002, 19466174, 2673
3002, 58988464, 8191
3002, 20252607, 2673
3002, 61609900, 8191
3002, 21104574, 2673
3002, 63510428, 8191
3002, 21759929, 2673
3002, 66590636, 8191
3002, 22742974, 2673
3002, 69277605, 8191
3002, 23594940, 2673
3002, 71571356, 8191
3002, 24381369, 2673
3002, 74979220, 8191
3002, 25429942, 2673
3002, 75503513, 8191
3002, 25626552, 2673
3002, 78452644, 8191
3002, 26609595, 2673
3002, 77666213, 8191
3002, 26347452, 2673
3002, 84416420, 8191
3002, 28510139, 2673
3002, 85792656, 8191
3002, 28968885, 2673
3002, 88348572, 8191
3002, 29820857, 2673
3002, 91035540, 8191
3002, 30672822, 2673
3002, 93067156, 8191
3002, 31328182, 2673
3002, 96016273, 8191
3002, 32245685, 2673
3002, 98375580, 8191
3002, 33032121, 2673
3002, 100145036, 8191
3002, 33621940, 2673
3002, 103290756, 8191
3002, 34604977, 2673
3002, 105387917, 8191
3002, 35325876, 2673
3002, 107485065, 8191
3002, 35981235, 2673
3002, 110696321, 8191
3002, 37029808, 2673
3002, 112531337, 8191
3002, 37619635, 2673
3002, 114104192, 8191
3002, 38143920, 2673
3002, 116463500, 8191
3002, 38930356, 2673
3002, 118822784, 8191
3002, 39651248, 2673
3002, 121706373, 8191
3002, 40634289, 2673
3002, 124852096, 8191
3002, 41617328, 2673
3002, 126359421, 8191
3002, 42141615, 2673
3002, 128980865, 8191
3002, 42993584, 2673
3002, 130815868, 8191
3002, 43583407, 2673
3002, 132716401, 8191
3002, 44173227, 2673
3002, 136124276, 8191
3002, 45287340, 2673
3002, 139204473, 8191
3002, 46270382, 2673
3002, 141367161, 8191
3002, 46991278, 2673
3002, 144185204, 8191
3002, 47908780, 2673
3002, 146020208, 8191
3002, 48498603, 2673
3002, 148903780, 8191
3002, 49416103, 2673
3002, 151263080, 8191
3002, 50202536, 2673
3002, 152639333, 8191
3002, 50661287, 2673
3002, 155719520, 8191
3002, 51644325, 2673
3002, 157554536, 8191
3002, 52234152, 2673
3002, 160765800, 8191
3002, 53282728, 2673
3002, 162862949, 8191
3002, 53938087, 2673
3002, 165156724, 8191
3002, 54658988, 2673
3002, 168105828, 8191
3002, 55642023, 2673
3002, 170727264, 8191
3002, 56493989, 2673
3002, 174331744, 8191
3002, 57673637, 2673
3002, 176166744, 8191
3002, 58263459, 2673
3002, 178067293, 8191
3002, 58853284, 2673
3002, 180361045, 8191
3002, 59639714, 2673
3002, 183572309, 8191
3002, 60688290, 2673
3002, 186128220, 8191
3002, 61474724, 2673
3002, 187963221, 8191
3002, 62064546, 2673
3002, 190650204, 8191
3002, 62982052, 2673
3002, 193009489, 8191
3002, 63702945, 2673
3002, 196351820, 8191
3002, 64817055, 2673
3002, 197662533, 8191
3002, 65210269, 2673
3002, 199300940, 8191
3002, 65734559, 2673
3002, 204019525, 8191
3002, 67307421, 2673
3002, 205330240, 8191
3002, 67700635, 2673
3002, 209262409, 8191
3002, 69011358, 2673
3002, 210573132, 8191
3002, 69404575, 2673
3002, 213915461, 8191
3002, 70518685, 2673
3002, 217126720, 8191
3002, 71567259, 2673
3002, 217388861, 8191
3002, 71632794, 2673
3002, 220731200, 8191
3002, 72681371, 2673
3002, 223418176, 8191
3002, 73598875, 2673
3002, 223418177, 8191
3002, 73598875, 2673
3002, 227088181, 8191
3002, 74778520, 2673
3002, 230430528, 8191
3002, 75827099, 2673
3002, 232855356, 8191
3002, 76613530, 2673
3002, 235411249, 8191
3002, 77465494, 2673
3002, 237311796, 8191
3002, 78055319, 2673
3002, 239933248, 8191
3002, 78907291, 2673
3002, 242292521, 8191
3002, 79693716, 2673
3002, 244389684, 8191
3002, 80349079, 2673
3002, 247994168, 8191
3002, 81528728, 2673
3002, 249829157, 8191
3002, 82118546, 2673
3002, 251991860, 8191
3002, 82839447, 2673
3002, 254351140, 8191
3002, 83625874, 2673
3002, 258217768, 8191
3002, 84871059, 2673
3002, 259856164, 8191
3002, 85395346, 2673
3002, 261887785, 8191
3002, 86050708, 2673
3002, 264247065, 8191
3002, 86837134, 2673
3002, 265623325, 8191
3002, 87230352, 2673
3002, 268179228, 8191
3002, 88082319, 2673
3002, 270341916, 8191
3002, 88803215, 2673
3002, 274732825, 8191
3002, 90179470, 2673
3002, 277092120, 8191
3002, 90965902, 2673
3002, 279516949, 8191
3002, 91752333, 2673
3002, 282400533, 8191
3002, 92669837, 2673
3002, 280565537, 8191
3002, 92080017, 2673
3002, 286529297, 8191
3002, 94046092, 2673
3002, 289150740, 8191
3002, 94898061, 2673
3002, 290985733, 8191
3002, 95487880, 2673
3002, 293934853, 8191
3002, 96405384, 2673
3002, 296228617, 8191
3002, 97191817, 2673
3002, 298325777, 8191
3002, 97847180, 2673
3002, 299702024, 8191
3002, 98305929, 2673
3002, 303568640, 8191
3002, 99551110, 2673
3002, 305993480, 8191
3002, 100337545, 2673
3002, 307566345, 8191
3002, 100861833, 2673
3002, 310646517, 8191
3002, 101844867, 2673
3002, 312284928, 8191
3002, 102369158, 2673
3002, 314906369, 8191
3002, 103221127, 2673
3002, 317265660, 8191
3002, 104007557, 2673
3002, 320149241, 8191
3002, 104925060, 2673
3002, 322442993, 8191
3002, 105711489, 2673
3002, 324867832, 8191
3002, 106497924, 2673
3002, 326113005, 8191
3002, 106891136, 2673
3002, 329586421, 8191
3002, 108005251, 2673
3002, 331880172, 8191
3002, 108726144, 2673
3002, 334305009, 8191
3002, 109512577, 2673
3002, 337123057, 8191
3002, 110430081, 2673
3002, 339482353, 8191
3002, 111216513, 2673
3002, 339547880, 8191
3002, 111216511, 2673
3002, 344463076, 8191
3002, 112789373, 2673
3002, 346822376, 8191
3002, 113575807, 2673
3002, 348985069, 8191
3002, 114296704, 2673
3002, 351606500, 8191
3002, 115148669, 2673
3002, 354162409, 8191
3002, 115935103, 2673
3002, 356783832, 8191
3002, 116787065, 2673
3002, 358684376, 8191
3002, 117442425, 2673
3002, 362026728, 8191
3002, 118491007, 2673
3002, 363861717, 8191
3002, 119080824, 2673
3002, 365762248, 8191
3002, 119736180, 2673
3002, 367269588, 8191
3002, 120194936, 2673
3002, 371005156, 8191
3002, 121440125, 2673
3002, 372578004, 8191
3002, 121964408, 2673
3002, 374871776, 8191
3002, 122685308, 2673
3002, 377231105, 8191
3002, 123471751, 2673
3002, 379393837, 8191
3002, 124127125, 2673
3002, 382474060, 8191
3002, 125110175, 2673
3002, 384571240, 8191
3002, 125831080, 2673
3002, 387258236, 8191
3002, 126683055, 2673
3002, 390076313, 8191
3002, 127600568, 2673
3002, 390928325, 8191
3002, 127862726, 2673
3002, 392501204, 8191
3002, 128387019, 2673
3002, 396892177, 8191
3002, 129828831, 2673
3002, 398792745, 8191
3002, 130418663, 2673
3002, 402397272, 8191
3002, 131598326, 2673
3002, 402200701, 8191
3002, 131532802, 2673
3002, 406919321, 8191
3002, 133040139, 2673
3002, 409540800, 8191
3002, 133892120, 2673
3002, 411637984, 8191
3002, 134613026, 2673
3002, 414521608, 8191
3002, 135530543, 2673
3002, 415504676, 8191
3002, 135858232, 2673
3002, 418453844, 8191
3002, 136775752, 2673
3002, 421534064, 8191
3002, 137824337, 2673
3002, 423696781, 8191
3002, 138479706, 2673
3002, 426580413, 8191
3002, 139462762, 2673
3002, 428153312, 8191
3002, 139921525, 2673
3002, 430447104, 8191
3002, 140707967, 2673
3002, 434379316, 8191
3002, 141953168, 2673
3002, 435952212, 8191
3002, 142477467, 2673
3002, 437525116, 8191
3002, 143001767, 2673
3002, 440146593, 8191
3002, 143853747, 2673
3002, 442571465, 8191
3002, 144640192, 2673
3002, 445127408, 8191
3002, 145426637, 2673
3002, 447224612, 8191
3002, 146147550, 2673
3002, 449583945, 8191
3002, 146868458, 2673
3002, 452205409, 8191
3002, 147720434, 2673
3002, 453581696, 8191
3002, 148179196, 2673
3002, 456203184, 8191
3002, 149031179, 2673
3002, 459086805, 8191
3002, 149948695, 2673
3002, 461380592, 8191
3002, 150735136, 2673
3002, 463805492, 8191
3002, 151521590, 2673
3002, 465902665, 8191
3002, 152176957, 2673
3002, 468261997, 8191
3002, 152963401, 2673
3002, 471866512, 8191
3002, 154143060, 2673
3002, 474815672, 8191
3002, 155060577, 2673
3002, 477699292, 8191
3002, 156043629, 2673
3002, 479206657, 8191
3002, 156502393, 2673
3002, 483466532, 8191
3002, 157878660, 2673
3002, 486022464, 8191
3002, 158730637, 2673
3002, 488381804, 8191
3002, 159451547, 2673
3002, 490741141, 8191
3002, 160237993, 2673
3002, 493362604, 8191
3002, 161089968, 2673
3002, 495787480, 8191
3002, 161876414, 2673
3002, 498671100, 8191
3002, 162793930, 2673
3002, 500768288, 8191
3002, 163514838, 2673
3002, 502341197, 8191
3002, 163973604, 2673
3002, 505683564, 8191
3002, 165087726, 2673
3002, 508108436, 8191
3002, 165874171, 2673
3002, 510926521, 8191
3002, 166791687, 2673
3002, 512827105, 8191
3002, 167381524, 2673
3002, 515972876, 8191
3002, 168430114, 2673
3002, 518790953, 8191
3002, 169347628, 2673
3002, 521150293, 8191
3002, 170068538, 2673
3002, 522723197, 8191
3002, 170592839, 2673
3002, 525410216, 8191
3002, 171510357, 2673
3002, 527769541, 8191
3002, 172231262, 2673
3002, 530587633, 8191
3002, 173148780, 2673
3002, 533274623, 8191
3002, 174000753, 2673
3002, 534257663, 8191
3002, 174328433, 2673
3002, 536813567, 8191
3002, 175180401, 2673
3002, 536813567, 8191
3002, 175180401, 2673
3002, 536813567, 8191
3002, 175180401, 2673
3002, 536813567, 8191
3002, 175180401, 2673
3002, 536813567, 8191
3002, 175180401, 2673
3002, 536813567, 8191
3002, 175180401, 2673
3002, 536813567, 8191
3002, 175180401, 2673
3002, 536813567, 8191
3002, 175180401, 2673
3002, 536813567, 8191
3002, 175180401, 2673
3002, 536813567, 8191
3002, 175180401, 2673
3002, 536813567, 8191
3002, 175180401, 2673
3002, 536813567, 8191
3002, 175180401, 2673
3002, 536813567, 8191
3002, 175180401, 2673
3002, 536813567, 8191
3002, 175180401, 2673
3002, 536813567, 8191
3002, 175180401, 2673
3002, 536813567, 8191
3002, 175180401, 2673
3002, 536813567, 8191
3002, 175180401, 2673
3002, 536813567, 8191
3002, 175180401, 2673
3002, 536813567, 8191
3002, 175180401, 2673
3002, 536813567, 8191
3002, 175180401, 2673
3002, 536813567, 8191
3002, 175180401, 2673
3002, 536813567, 8191
3002, 175180401, 2673
3002, 536813567, 8191
3002, 175180401, 2673
3002, 536813567, 8191
3002, 175180401, 2673
3002, 536813567, 8191
3002, 175180401, 2673
3002, 536813567, 8191
3002, 175180401, 2673
3002, 536813567, 8191
3002, 175180401, 2673
3002, 536813567, 8191
3002, 175180401, 2673
3002, 536813567, 8191
3002, 175180401, 2673
3002, 536813567, 8191
3002, 175180401, 2673
3002, 536813567, 8191
3002, 175180401, 2673
3002, 536813567, 8191
3002, 175180401, 2673
3002, 536813567, 8191
3002, 175180401, 2673
3002, 536813567, 8191
3002, 175180401, 2673
3002, 536813567, 8191
3002, 175180401, 2673
3002, 536813567, 8191
3002, 175180401, 2673
3002, 536813567, 8191
3002, 175180401, 2673
3002, 536813567, 8191
3002, 175180401, 2673
3002, 536813567, 8191
3002, 175180401, 2673
3002, 536813567, 8191
3002, 175180401, 2673
3002, 536813567, 8191
3002, 175180401, 2673
3002, 536813567, 8191
3002, 175180401, 2673
3004, 424007, 0
3004, 415219, 0
3004, 413904, 0
3004, 413234, 0
3004, 413695, 0
3004, 411290, 0
3004, 410921, 0
3004, 410837, 0
3004, 416885, 0
3004, 410442, 0
3004, 410225, 0
3004, 411476, 0
3004, 410461, 0
3004, 410188, 0
3004, 410238, 0
3004, 410137, 0
3004, 410062, 0
3004, 410235, 0
3004, 409993, 0
3004, 409846, 0
3004, 409962, 0
3004, 409919, 0
3004, 409929, 0
3004, 409897, 0
3004, 410005, 0
3004, 409878, 0
3004, 409921, 0
3004, 409868, 0
3004, 418124, 0
3004, 450804, 0
3004, 450728, 0
3004, 475514, 0
3004, 491697, 0
3004, 508076, 0
3004, 516169, 0
3004, 532785, 0
3004, 540954, 0
3004, 557231, 0
3004, 573649, 0
3004, 581897, 0
3004, 598295, 0
3004, 606646, 0
3004, 639162, 0
3004, 655512, 0
3004, 655714, 0
3004, 672018, 0
3004, 688431, 0
3004, 704581, 0
3004, 721164, 0
3004, 737480, 0
3004, 753838, 0
3004, 770317, 0
3004, 770438, 0
3004, 786664, 0
3004, 803066, 0
3004, 819417, 0
3004, 835754, 0
3004, 843969, 0
3004, 868511, 0
3004, 893133, 0
3004, 901360, 0
3004, 917765, 0
3004, 925896, 0
3004, 942203, 0
3004, 942423, 0
3004, 974915, 0
3004, 975208, 0
3004, 999628, 0
3004, 999779, 0
3004, 1015977, 0
3004, 1040642, 0
3004, 1056986, 0
3004, 1057074, 0
3004, 1073449, 0
3004, 1106033, 0
3004, 1122462, 0
3004, 1130717, 0
3004, 1138903, 0
3004, 1155139, 0
3004, 1179869, 0
3004, 1188062, 0
3004, 1204287, 0
3004, 1212695, 0
3004, 1228961, 0
3004, 1245328, 0
3004, 1261801, 0
3004, 1278098, 0
3004, 1296815, 0
3004, 1310859, 0
3004, 1327268, 0
3004, 1343527, 0
3004, 1351778, 0
3004, 1376255, 0
3004, 1384426, 0
3004, 1392681, 0
3004, 1417373, 0
3004, 1425541, 0
3004, 1441910, 0
3004, 1458203, 0
3004, 1466459, 0
3004, 1474690, 0
3004, 1491037, 0
3004, 1507296, 0
3004, 1523872, 0
3004, 1548334, 0
3004, 1540255, 0
3004, 1565005, 0
3004, 1597432, 0
3004, 1597546, 0
3004, 1605785, 0
3004, 1622118, 0
3004, 1638484, 0
3004, 1655049, 0
3004, 1671347, 0
3004, 1695736, 0
3004, 1704165, 0
3004, 1720515, 0
3004, 1744973, 0
3004, 1745059, 0
3004, 1746446, 0
3004, 1769536, 0
3004, 1785987, 0
3004, 1810442, 0
3004, 1818722, 0
3004, 1835202, 0
3004, 1851403, 0
3004, 1859708, 0
3004, 1884223, 0
3004, 1892424, 0
3004, 1892539, 0
3004, 1925016, 0
3004, 1933329, 0
3004, 1949726, 0
3004, 1966070, 0
3004, 1974319, 0
3004, 1990617, 0
3004, 2015201, 0
3004, 2007335, 0
3004, 2039951, 0
3004, 2053948, 0
3004, 2064399, 0
3004, 2072627, 0
3004, 2097111, 0
3004, 2105387, 0
3004, 2113703, 0
3004, 2138168, 0
3004, 2162683, 0
3004, 2179056, 0
3004, 2179191, 0
3004, 2203606, 0
3004, 2203711, 0
3004, 2228175, 0
3004, 2236496, 0
3004, 2277380, 0
3004, 2278117, 0
3004, 2277462, 0
3004, 2293966, 0
3004, 2310297, 0
3004, 2318573, 0
3004, 2334737, 0
3004, 2359414, 0
3004, 2359470, 0
3004, 2400262, 0
3004, 2400830, 0
3004, 2420739, 0
3004, 2424884, 0
3004, 2441221, 0
3004, 2465829, 0
3004, 2473923, 0
3004, 2482214, 0
3004, 2498524, 0
3004, 2515022, 0
3004, 2539397, 0
3004, 2548281, 0
3004, 2555896, 0
3004, 2564103, 0
3004, 2580686, 0
3004, 2604899, 0
3004, 2613306, 0
3004, 2637812, 0
3004, 2654223, 0
3004, 2662236, 0
3004, 2678638, 0
3004, 2703324, 0
3004, 2711395, 0
3004, 2727799, 0
3004, 2744241, 0
3004, 2760572, 0
3004, 2768750, 0
3004, 2779197, 0
3004, 2793340, 0
3004, 2809859, 0
3004, 2818073, 0
3004, 2850652, 0
3004, 2850755, 0
3004, 2875457, 0
3004, 2875446, 0
3004, 2891831, 0
3004, 2916274, 0
3004, 2924640, 0
3004, 2949090, 0
3004, 2957250, 0
3004, 2973511, 0
3004, 2974605, 0
3004, 2990064, 0
3004, 3006306, 0
3004, 3014709, 0
3004, 3047272, 0
3004, 3063670, 0
3004, 3072378, 0
3004, 3088189, 0
3004, 3104776, 0
3004, 3106273, 0
3004, 3129300, 0
3004, 3137457, 0
3004, 3145606, 0
3004, 3194627, 0
3004, 3170178, 0
3004, 3227469, 0
3004, 3235582, 0
3004, 3243824, 0
3004, 3243915, 0
3004, 3260295, 0
3004, 3276678, 0
3004, 3293155, 0
3004, 3317540, 0
3004, 3317547, 0
3004, 3345250, 0
3004, 3358579, 0
3004, 3350513, 0
3004, 3383040, 0
3004, 3399328, 0
3004, 3399599, 0
3004, 3424209, 0
3004, 3432359, 0
3004, 3448516, 0
3004, 3473140, 0
3004, 3497805, 0
3004, 3489780, 0
3004, 3514209, 0
3004, 3522330, 0
3004, 3538814, 0
3004, 3555884, 0
3004, 3571617, 0
3004, 3596064, 0
3004, 3587902, 0
3004, 3637036, 0
3004, 3645145, 0
3004, 3645174, 0
3004, 3661588, 0
3004, 3686218, 0
3004, 3678013, 0
3004, 3702649, 0
3004, 3710708, 0
3004, 3735469, 0
3004, 3751762, 0
3004, 3776410, 0
3004, 3784501, 0
3004, 3792631, 0
3004, 3809127, 0
3004, 3825741, 0
3004, 3825396, 0
3004, 3841826, 0
3004, 3866318, 0
3004, 3890886, 0
3004, 3883941, 0
3004, 3915557, 0
3004, 3923727, 0
3004, 3932112, 0
3004, 3940472, 0
3004, 3972935, 0
3004, 3981083, 0
3004, 3989349, 0
3004, 4013867, 0
3004, 4038434, 0
3004, 4054734, 0
3004, 4046613, 0
3004, 4071121, 0
3004, 4071533, 0
3004, 4095762, 0
3004, 4112256, 0
3004, 4136631, 0
3004, 4144936, 0
3004, 4153139, 0
3004, 4169397, 0
3004, 4193987, 0
3004, 4202179, 0
3004, 4194274, 0
3004, 4226727, 0
3004, 4243219, 0
3004, 4275957, 0
3004, 4275938, 0
3004, 4284472, 0
3004, 4308789, 0
3004, 4325111, 0
3004, 4341387, 0
3004, 4357809, 0
3004, 4374196, 0
3004, 4374409, 0
3004, 4390676, 0
3004, 4415107, 0
3004, 4407623, 0
3004, 4431593, 0
3004, 4431587, 0
3004, 4464368, 0
3004, 4472582, 0
3004, 4488932, 0
3004, 4497000, 0
3004, 4521732, 0
3004, 4537889, 0
3004, 4562765, 0
3004, 4595499, 0
3004, 4571054, 0
3004, 4595404, 0
3004, 4611776, 0
3004, 4628075, 0
3004, 4636367, 0
3004, 4660972, 0
3004, 4661680, 0
3004, 4685423, 0
3004, 4710171, 0
3004, 4734651, 0
3004, 4734767, 0
3004, 4742882, 0
3004, 4767432, 0
3004, 4767408, 0
3004, 4791979, 0
3004, 4792040, 0
3004, 4824745, 0
3004, 4841142, 0
3004, 4849375, 0
3004, 4881979, 0
3004, 4881966, 0
3004, 4890203, 0
3004, 4890376, 0
3004, 4914886, 0
3004, 4939413, 0
3004, 4939318, 0
3004, 4947720, 0
3004, 4988558, 0
3004, 5021228, 0
3004, 5013193, 0
3004, 4997111, 0
3004, 5029435, 0
3004, 5054173, 0
3004, 5062389, 0
3004, 5070589, 0
3004, 5103365, 0
3004, 5111427, 0
3004, 5127829, 0
3004, 5144224, 0
3004, 5152382, 0
3004, 5168820, 0
3004, 5185051, 0
3004, 5193346, 0
3004, 5226019, 0
3004, 5234318, 0
3004, 5242406, 0
3004, 5258884, 0
3004, 5275241, 0
3004, 5275354, 0
3004, 5299713, 0
3004, 5308138, 0
3004, 5332703, 0
3004, 5340757, 0
3004, 5348978, 0
3004, 5365473, 0
3004, 5398059, 0
3004, 5406318, 0
3004, 5422641, 0
3004, 5422739, 0
3004, 5455455, 0
3004, 5463634, 0
3004, 5480104, 0
3004, 5480020, 0
3004, 5512893, 0
3004, 5521097, 0
3004, 5545569, 0
3004, 5561832, 0
3004, 5562255, 0
3004, 5570223, 0
3004, 5595037, 0
3004, 5603015, 0
3004, 5611242, 0
3004, 5627571, 0
3004, 5635759, 0
3004, 5676501, 0
3004, 5692869, 0
3004, 5676715, 0
3004, 5716919, 0
3004, 5725722, 0
3004, 5734007, 0
3004, 5750533, 0
3004, 5783102, 0
3004, 5774908, 0
3004, 5807522, 0
3004, 5807577, 0
3004, 5807764, 0
3004, 5840418, 0
3004, 5856803, 0
3004, 5873092, 0
3004, 5881389, 0
3004, 5905961, 0
3004, 5922439, 0
3004, 5922427, 0
3004, 5955195, 0
3004, 5963108, 0
3004, 5979690, 0
3004, 5996045, 0
3004, 5996256, 0
3004, 6028783, 0
3004, 6028865, 0
3004, 6037127, 0
3004, 6061753, 0
3004, 6078068, 0
3004, 6086362, 0
3004, 6086272, 0
3004, 6119032, 0
3004, 6135293, 0
3004, 6167889, 0
3004, 6159929, 0
3004, 6168085, 0
3004, 6184491, 0
3004, 6201033, 0
3004, 6225299, 0
3004, 6241881, 0
3004, 6233801, 0
3004, 6266277, 0
3004, 6274661, 0
3004, 6299739, 0
3004, 6323665, 0
3004, 6331988, 0
3004, 6315625, 0
3004, 6340123, 0
3004, 6364541, 0
3004, 6389324, 0
3004, 6405588, 0
3004, 6405612, 0
3004, 6430296, 0
3004, 6438270, 0
3004, 6454853, 0
3004, 6462993, 0
3004, 6479413, 0
3004, 6487501, 0
3004, 6503941, 0
3004, 6544791, 0
3004, 6544880, 0
3004, 6553264, 0
3004, 6561218, 0
3004, 6602131, 0
3004, 6593982, 0
3004, 6618610, 0
3004, 6626674, 0
3004, 6643136, 0
3004, 6667723, 0
3004, 6676127, 0
3004, 6692554, 0
3004, 6708729, 0
3004, 6716941, 0
3004, 6749618, 0
3004, 6733254, 0
3004, 6757809, 0
3004, 6790494, 0
3004, 6782565, 0
3004, 6815158, 0
3004, 6823357, 0
3004, 6831725, 0
3004, 6856148, 0
3004, 6872483, 0
3004, 6872566, 0
3004, 6880780, 0
3004, 6897154, 0
3004, 6921602, 0
3004, 6946197, 0
3004, 6946327, 0
3004, 6962691, 0
3004, 6970782, 0
3004, 6995343, 0
3004, 7019802, 0
3004, 7028237, 0
3004, 7036304, 0
3004, 7060880, 0
3004, 7069083, 0
3004, 7086242, 0
3004, 7388491, 0
3004, 7536091, 0
3004, 8133915, 0
3004, 8133965, 0
3004, 8437274, 0
3004, 9034906, 0
3004, 9338036, 0
3004, 9633212, 0
3004, 10533942, 0
3004, 11434949, 0
3004, 11886304, 0
3004, 12630893, 0
3004, 13982405, 0
3004, 14580355, 0
3004, 15334079, 0
3004, 16980352, 0
3004, 418789, 0
3004, 415863, 0
3004, 412626, 0
3004, 418240, 0
3004, 411621, 0
3004, 411605, 0
3004, 411017, 0
3004, 410754, 0
3004, 410907, 0
3004, 410380, 0
3004, 410469, 0
3004, 410243, 0
3004, 410287, 0
3004, 411635, 0
3004, 410410, 0
3004, 415040, 0
3004, 410127, 0
3004, 409939, 0
3004, 410182, 0
3004, 410016, 0
3004, 410153, 0
3004, 409997, 0
3004, 409997, 0
3004, 410043, 0
3004, 410687, 0
3004, 410144, 0
3004, 409864, 0
3004, 409800, 0
3004, 426241, 0
3004, 434334, 0
3004, 467164, 0
3004, 467171, 0
3004, 499776, 0
3004, 500044, 0
3004, 508153, 0
3004, 540836, 0
3004, 541020, 0
3004, 565508, 0
3004, 573711, 0
3004, 590093, 0
3004, 598389, 0
3004, 614667, 0
3004, 622880, 0
3004, 647490, 0
3004, 647484, 0
3004, 680074, 0
3004, 680330, 0
3004, 688466, 0
3004, 712927, 0
3004, 729508, 0
3004, 763446, 0
3004, 770227, 0
3004, 786707, 0
3004, 794807, 0
3004, 794936, 0
3004, 819461, 0
3004, 844011, 0
3004, 860267, 0
3004, 852147, 0
3004, 868649, 0
3004, 893221, 0
3004, 894477, 0
3004, 917722, 0
3004, 942300, 0
3004, 950501, 0
3004, 950571, 0
3004, 983305, 0
3004, 991537, 0
3004, 1007872, 0
3004, 1040428, 0
3004, 1024297, 0
3004, 1056955, 0
3004, 1056957, 0
3004, 1081469, 0
3004, 1097955, 0
3004, 1122256, 0
3004, 1123169, 0
3004, 1147809, 0
3004, 1138953, 0
3004, 1163560, 0
3004, 1179820, 0
3004, 1212573, 0
3004, 1212552, 0
3004, 1228826, 0
3004, 1237096, 0
3004, 1261832, 0
3004, 1269805, 0
3004, 1286181, 0
3004, 1302634, 0
3004, 1335310, 0
3004, 1319222, 0
3004, 1351877, 0
3004, 1351931, 0
3004, 1392735, 0
3004, 1400867, 0
3004, 1409050, 0
3004, 1417309, 0
3004, 1441810, 0
3004, 1441974, 0
3004, 1458419, 0
3004, 1482889, 0
3004, 1491093, 0
3004, 1507473, 0
3004, 1523963, 0
3004, 1532155, 0
3004, 1556535, 0
3004, 1572904, 0
3004, 1589233, 0
3004, 1597528, 0
3004, 1605782, 0
3004, 1630296, 0
3004, 1638481, 0
3004, 1654902, 0
3004, 1671210, 0
3004, 1687670, 0
3004, 1704136, 0
3004, 1712234, 0
3004, 1736786, 0
3004, 1753088, 0
3004, 1756797, 0
3004, 1769569, 0
3004, 1785879, 0
3004, 1810452, 0
3004, 1818776, 0
3004, 1843273, 0
3004, 1851466, 0
3004, 1864965, 0
3004, 1867882, 0
3004, 1900560, 0
3004, 1900704, 0
3004, 1917075, 0
3004, 1941560, 0
3004, 1949772, 0
3004, 1974337, 0
3004, 1982475, 0
3004, 1998863, 0
3004, 2007056, 0
3004, 2023484, 0
3004, 2048008, 0
3004, 2064464, 0
3004, 2072710, 0
3004, 2081566, 0
3004, 2088934, 0
3004, 2105422, 0
3004, 2129933, 0
3004, 2138022, 0
3004, 2162622, 0
3004, 2162858, 0
3004, 2187265, 0
3004, 2211834, 0
3004, 2220040, 0
3004, 2228275, 0
3004, 2236505, 0
3004, 2252774, 0
3004, 2277317, 0
3004, 2285622, 0
3004, 2293768, 0
3004, 2326344, 0
3004, 2326533, 0
3004, 2342895, 0
3004, 2367384, 0
3004, 2367541, 0
3004, 2391952, 0
3004, 2416554, 0
3004, 2424800, 0
3004, 2424933, 0
3004, 2441185, 0
3004, 2465766, 0
3004, 2469192, 0
3004, 2490327, 0
3004, 2490236, 0
3004, 2498635, 0
3004, 2539743, 0
3004, 2539689, 0
3004, 2563943, 0
3004, 2580410, 0
3004, 2588706, 0
3004, 2605145, 0
3004, 2613123, 0
3004, 2637778, 0
3004, 2662366, 0
3004, 2662437, 0
3004, 2670563, 0
3004, 2686980, 0
3004, 2719542, 0
3004, 2711621, 0
3004, 2744144, 0
3004, 2752469, 0
3004, 2768835, 0
3004, 2768973, 0
3004, 2785225, 0
3004, 2801556, 0
3004, 2817971, 0
3004, 2834372, 0
3004, 2842804, 0
3004, 2867257, 0
3004, 2875200, 0
3004, 2908199, 0
3004, 2908191, 0
3004, 2924500, 0
3004, 2940742, 0
3004, 2932966, 0
3004, 2981687, 0
3004, 2981896, 0
3004, 2998226, 0
3004, 3030933, 0
3004, 3022729, 0
3004, 3039069, 0
3004, 3055487, 0
3004, 3080150, 0
3004, 3088233, 0
3004, 3104755, 0
3004, 3121034, 0
3004, 3129371, 0
3004, 3145661, 0
3004, 3153837, 0
3004, 3178398, 0
3004, 3181257, 0
3004, 3219216, 0
3004, 3211104, 0
3004, 3251972, 0
3004, 3244105, 0
3004, 3268426, 0
3004, 3276789, 0
3004, 3284743, 0
3004, 3309480, 0
3004, 3317601, 0
3004, 3344063, 0
3004, 3342298, 0
3004, 3350375, 0
3004, 3391222, 0
3004, 3391282, 0
3004, 3399621, 0
3004, 3416282, 0
3004, 3440422, 0
3004, 3456868, 0
3004, 3465052, 0
3004, 3465415, 0
3004, 3514144, 0
3004, 3497968, 0
3004, 3530415, 0
3004, 3546973, 0
3004, 3563236, 0
3004, 3563347, 0
3004, 3596096, 0
3004, 3588027, 0
3004, 3604399, 0
3004, 3612542, 0
3004, 3645629, 0
3004, 3661631, 0
3004, 3661751, 0
3004, 3686248, 0
3004, 3710875, 0
3004, 3710920, 0
3004, 3727292, 0
3004, 3751687, 0
3004, 3759891, 0
3004, 3776242, 0
3004, 3784618, 0
3004, 3809134, 0
3004, 3817170, 0
3004, 3833731, 0
3004, 3849960, 0
3004, 3866488, 0
3004, 3882805, 0
3004, 3899156, 0
3004, 3923732, 0
3004, 3923742, 0
3004, 3940134, 0
3004, 3948258, 0
3004, 3972776, 0
3004, 3964720, 0
3004, 3997543, 0
3004, 3997587, 0
3004, 4022043, 0
3004, 4038320, 0
3004, 4062928, 0
3004, 4063052, 0
3004, 4071320, 0
3004, 4087614, 0
3004, 4128475, 0
3004, 4136630, 0
3004, 4153079, 0
3004, 4136940, 0
3004, 4161652, 0
3004, 4185888, 0
3004, 4194021, 0
3004, 4218719, 0
3004, 4226753, 0
3004, 4243224, 0
3004, 4267911, 0
3004, 4272222, 0
3004, 4292298, 0
3004, 4292404, 0
3004, 4325038, 0
3004, 4325185, 0
3004, 4341661, 0
3004, 4374088, 0
3004, 4374244, 0
3004, 4382410, 0
3004, 4398944, 0
3004, 4423417, 0
3004, 4431590, 0
3004, 4456165, 0
3004, 4472452, 0
3004, 4480638, 0
3004, 4497024, 0
3004, 4521600, 0
3004, 4530001, 0
3004, 4546161, 0
3004, 4554372, 0
3004, 4546484, 0
3004, 4587194, 0
3004, 4595513, 0
3004, 4619896, 0
3004, 4628084, 0
3004, 4634068, 0
3004, 4652691, 0
3004, 4669335, 0
3004, 4693727, 0
3004, 4701935, 0
3004, 4718267, 0
3004, 4726719, 0
3004, 4759119, 0
3004, 4744382, 0
3004, 4767409, 0
3004, 4791995, 0
3004, 4791886, 0
3004, 4824756, 0
3004, 4832860, 0
3004, 4849375, 0
3004, 4849549, 0
3004, 4874120, 0
3004, 4882184, 0
3004, 4898577, 0
3004, 4906654, 0
3004, 4923303, 0
3004, 4947706, 0
3004, 4955924, 0
3004, 4988508, 0
3004, 4972409, 0
3004, 5013129, 0
3004, 5021325, 0
3004, 5037714, 0
3004, 5054080, 0
3004, 5062283, 0
3004, 5086806, 0
3004, 5103114, 0
3004, 5111650, 0
3004, 5119744, 0
3004, 5152323, 0
3004, 5152376, 0
3004, 5160948, 0
3004, 5185158, 0
3004, 5194149, 0
3004, 5201556, 0
3004, 5218070, 0
3004, 5234315, 0
3004, 5258877, 0
3004, 5275242, 0
3004, 5299633, 0
3004, 5299736, 0
3004, 5307941, 0
3004, 5316946, 0
3004, 5340907, 0
3004, 5365333, 0
3004, 5373599, 0
3004, 5382038, 0
3004, 5398123, 0
3004, 5398217, 0
3004, 5422801, 0
3004, 5447091, 0
3004, 5455436, 0
3004, 5480121, 0
3004, 5488348, 0
3004, 5496400, 0
3004, 5537301, 0
3004, 5545434, 0
3004, 5537403, 0
3004, 5561924, 0
3004, 5562144, 0
3004, 5586495, 0
3004, 5594918, 0
3004, 5627371, 0
3004, 5643856, 0
3004, 5651911, 0
3004, 5660271, 0
3004, 5676433, 0
3004, 5693035, 0
3004, 5709309, 0
3004, 5725769, 0
3004, 5742164, 0
3004, 5758619, 0
3004, 5758504, 0
3004, 5783007, 0
3004, 5791172, 0
3004, 5815851, 0
3004, 5816035, 0
3004, 5832459, 0
3004, 5864846, 0
3004, 5881507, 0
3004, 5889632, 0
3004, 5897763, 0
3004, 5930476, 0
3004, 5946912, 0
3004, 5946937, 0
3004, 5955200, 0
3004, 5971487, 0
3004, 5979793, 0
3004, 6012423, 0
3004, 6012465, 0
3004, 6020641, 0
3004, 6045176, 0
3004, 6061582, 0
3004, 6069892, 0
3004, 6102439, 0
3004, 6102566, 0
3004, 6118922, 0
3004, 6127072, 0
3004, 6159856, 0
3004, 6176284, 0
3004, 6192163, 0
3004, 6184443, 0
3004, 6209633, 0
3004, 6233543, 0
3004, 6225576, 0
3004, 6250040, 0
3004, 6266274, 0
3004, 6282810, 0
3004, 6299130, 0
3004, 6315406, 0
3004, 6331877, 0
3004, 6340197, 0
3004, 6356345, 0
3004, 6356461, 0
3004, 6389210, 0
3004, 6405512, 0
3004, 6422003, 0
3004, 6413900, 0
3004, 6446651, 0
3004, 6430295, 0
3004, 6479294, 0
3004, 6487501, 0
3004, 6503887, 0
3004, 6503896, 0
3004, 6528606, 0
3004, 6544859, 0
3004, 6577771, 0
3004, 6602129, 0
3004, 6593985, 0
3004, 6602201, 0
3004, 6626850, 0
3004, 6626732, 0
3004, 6643197, 0
3004, 6667699, 0
3004, 6675787, 0
3004, 6700495, 0
3004, 6708563, 0
3004, 6716848, 0
3004, 6717071, 0
3004, 6725261, 0
3004, 6749617, 0
3004, 6782433, 0
3004, 6790697, 0
3004, 6798968, 0
3004, 6815046, 0
3004, 6831653, 0
3004, 6832038, 0
3004, 6872456, 0
3004, 6888762, 0
3004, 6880769, 0
3004, 6905192, 0
3004, 6913609, 0
3004, 6929738, 0
3004, 6954349, 0
3004, 6972428, 0
3004, 6987250, 0
3004, 6987146, 0
3004, 6995391, 0
3004, 7019932, 0
3004, 7021060, 0
3004, 7052678, 0
3004, 7069095, 0
3004, 7077167, 0
3004, 7233020, 0
3004, 7527935, 0
3004, 7986481, 0
3004, 8134063, 0
3004, 8437004, 0
3004, 9035003, 0
3004, 9485536, 0
3004, 10083402, 0
3004, 10681443, 0
3004, 11434965, 0
3004, 11582640, 0
3004, 12483509, 0
3004, 13531852, 0
3004, 15481254, 0
3004, 16079220, 0
3004, 16980483, 0
3004, 426277, 0
3004, 423865, 0
3004, 415529, 0
3004, 413903, 0
3004, 413408, 0
3004, 411309, 0
3004, 411678, 0
3004, 411737, 0
3004, 413614, 0
3004, 411210, 0
3004, 416673, 0
3004, 409321, 0
3004, 410770, 0
3004, 410669, 0
3004, 410535, 0
3004, 410509, 0
3004, 410633, 0
3004, 410417, 0
3004, 410399, 0
3004, 410722, 0
3004, 410387, 0
3004, 410552, 0
3004, 415237, 0
3004, 410135, 0
3004, 410330, 0
3004, 410161, 0
3004, 412242, 0
3004, 410267, 0
3004, 409814, 0
3004, 410282, 0
3004, 409961, 0
3004, 410472, 0
3004, 410043, 0
3004, 410193, 0
3004, 410134, 0
3004, 410112, 0
3004, 410096, 0
3004, 409907, 0
3004, 409928, 0
3004, 410069, 0
3004, 413871, 0
3004, 409902, 0
3004, 409935, 0
3004, 410191, 0
3004, 409983, 0
3004, 409938, 0
3004, 409774, 0
3004, 409988, 0
3004, 409964, 0
3004, 409993, 0
3004, 409762, 0
3004, 409930, 0
3004, 409791, 0
3004, 410075, 0
3004, 409990, 0
3004, 409835, 0
3004, 418026, 0
3004, 426426, 0
3004, 434628, 0
3004, 442646, 0
3004, 450770, 0
3004, 458985, 0
3004, 467321, 0
3004, 483651, 0
3004, 483646, 0
3004, 499853, 0
3004, 499950, 0
3004, 491781, 0
3004, 516387, 0
3004, 516469, 0
3004, 540902, 0
3004, 524647, 0
3004, 549197, 0
3004, 532696, 0
3004, 565523, 0
3004, 549121, 0
3004, 557338, 0
3004, 565699, 0
3004, 590030, 0
3004, 565443, 0
3004, 614500, 0
3004, 598219, 0
3004, 614582, 0
3004, 606638, 0
3004, 631089, 0
3004, 606417, 0
3004, 647453, 0
3004, 630997, 0
3004, 655556, 0
3004, 647532, 0
3004, 671962, 0
3004, 663640, 0
3004, 688424, 0
3004, 672121, 0
3004, 688318, 0
3004, 704710, 0
3004, 712879, 0
3004, 721082, 0
3004, 721144, 0
3004, 721129, 0
3004, 729387, 0
3004, 737296, 0
3004, 753869, 0
3004, 753814, 0
3004, 770130, 0
3004, 770355, 0
3004, 778506, 0
3004, 778436, 0
3004, 794843, 0
3004, 811228, 0
3004, 811198, 0
3004, 827555, 0
3004, 835743, 0
3004, 844041, 0
3004, 843898, 0
3004, 843962, 0
3004, 868519, 0
3004, 860538, 0
3004, 868648, 0
3004, 893074, 0
3004, 893135, 0
3004, 893239, 0
3004, 901274, 0
3004, 909531, 0
3004, 925865, 0
3004, 917734, 0
3004, 942299, 0
3004, 933970, 0
3004, 950548, 0
3004, 942268, 0
3004, 966872, 0
3004, 958845, 0
3004, 991463, 0
3004, 983043, 0
3004, 1007616, 0
3004, 983197, 0
3004, 1007780, 0
3004, 999482, 0
3004, 1032310, 0
3004, 1007870, 0
3004, 1048701, 0
3004, 1024150, 0
3004, 1048646, 0
3004, 1040518, 0
3004, 1065201, 0
3004, 1056948, 0
3004, 1073391, 0
3004, 1073268, 0
3004, 1081375, 0
3004, 1081586, 0
3004, 1106293, 0
3004, 1114250, 0
3004, 1130975, 0
3004, 1130662, 0
3004, 1130671, 0
3004, 1130687, 0
3004, 1146971, 0
3004, 1139011, 0
3004, 1171521, 0
3004, 1163516, 0
3004, 1171717, 0
3004, 1171745, 0
3004, 1171685, 0
3004, 1187977, 0
3004, 1212553, 0
3004, 1212526, 0
3004, 1212690, 0
3004, 1245220, 0
3004, 1229120, 0
3004, 1237215, 0
3004, 1253386, 0
3004, 1261634, 0
3004, 1278030, 0
3004, 1278074, 0
3004, 1278195, 0
3004, 1286348, 0
3004, 1302645, 0
3004, 1302623, 0
3004, 1310990, 0
3004, 1310785, 0
3004, 1310887, 0
3004, 1335384, 0
3004, 1359863, 0
3004, 1335406, 0
3004, 1368066, 0
3004, 1360067, 0
3004, 1376458, 0
3004, 1368070, 0
3004, 1400918, 0
3004, 1368291, 0
3004, 1409207, 0
3004, 1392660, 0
3004, 1425514, 0
3004, 1409096, 0
3004, 1450067, 0
3004, 1425400, 0
3004, 1458216, 0
3004, 1450086, 0
3004, 1442001, 0
3004, 1450038, 0
3004, 1474737, 0
3004, 1458272, 0
3004, 1482803, 0
3004, 1482848, 0
3004, 1491063, 0
3004, 1499228, 0
3004, 1515608, 0
3004, 1499363, 0
3004, 1540148, 0
3004, 1507605, 0
3004, 1532078, 0
3004, 1540264, 0
3004, 1580980, 0
3004, 1564779, 0
3004, 1581123, 0
3004, 1572936, 0
3004, 1573038, 0
3004, 1597520, 0
3004, 1613760, 0
3004, 1605722, 0
3004, 1613894, 0
3004, 1614051, 0
3004, 1630435, 0
3004, 1638412, 0
3004, 1646715, 0
3004, 1658079, 0
3004, 1663073, 0
3004, 1671216, 0
3004, 1679519, 0
3004, 1687547, 0
3004, 1695849, 0
3004, 1695813, 0
3004, 1728433, 0
3004, 1712172, 0
3004, 1728478, 0
3004, 1720468, 0
3004, 1753007, 0
3004, 1736785, 0
3004, 1753093, 0
3004, 1753118, 0
3004, 1780214, 0
3004, 1761377, 0
3004, 1802342, 0
3004, 1777722, 0
3004, 1818647, 0
3004, 1794017, 0
3004, 1810521, 0
3004, 1802280, 0
3004, 1851418, 0
3004, 1810556, 0
3004, 1859608, 0
3004, 1827020, 0
3004, 1863375, 0
3004, 1835088, 0
3004, 1876006, 0
3004, 1859639, 0
3004, 1900684, 0
3004, 1876058, 0
3004, 1892352, 0
3004, 1892295, 0
3004, 1917052, 0
3004, 1900670, 0
3004, 1925181, 0
3004, 1917045, 0
3004, 1925138, 0
3004, 1925166, 0
3004, 1958132, 0
3004, 1950429, 0
3004, 1966201, 0
3004, 1966177, 0
3004, 1982468, 0
3004, 1982569, 0
3004, 1998912, 0
3004, 1998994, 0
3004, 2001440, 0
3004, 2023495, 0
3004, 2023531, 0
3004, 2036946, 0
3004, 2039944, 0
3004, 2048409, 0
3004, 2057869, 0
3004, 2064398, 0
3004, 2080814, 0
3004, 2089109, 0
3004, 2105272, 0
3004, 2097254, 0
3004, 2105225, 0
3004, 2105436, 0
3004, 2146673, 0
3004, 2130024, 0
3004, 2146338, 0
3004, 2146186, 0
3004, 2162786, 0
3004, 2138567, 0
3004, 2187058, 0
3004, 2179208, 0
3004, 2195219, 0
3004, 2179268, 0
3004, 2211922, 0
3004, 2195419, 0
3004, 2228137, 0
3004, 2211877, 0
3004, 2211864, 0
3004, 2203847, 0
3004, 2252977, 0
3004, 2228218, 0
3004, 2261067, 0
3004, 2252755, 0
3004, 2277380, 0
3004, 2260861, 0
3004, 2301908, 0
3004, 2277235, 0
3004, 2318121, 0
3004, 2277428, 0
3004, 2310273, 0
3004, 2301908, 0
3004, 2318386, 0
3004, 2318304, 0
3004, 2335562, 0
3004, 2334737, 0
3004, 2351748, 0
3004, 2342976, 0
3004, 2375748, 0
3004, 2359274, 0
3004, 2391904, 0
3004, 2375622, 0
3004, 2392029, 0
3004, 2400198, 0
3004, 2416525, 0
3004, 2416677, 0
3004, 2416807, 0
3004, 2433074, 0
3004, 2441116, 0
3004, 2441164, 0
3004, 2457561, 0
3004, 2465681, 0
3004, 2465948, 0
3004, 2482007, 0
3004, 2490313, 0
3004, 2498410, 0
3004, 2506731, 0
3004, 2506643, 0
3004, 2531102, 0
3004, 2523092, 0
3004, 2523218, 0
3004, 2527673, 0
3004, 2531487, 0
3004, 2539409, 0
3004, 2556003, 0
3004, 2555846, 0
3004, 2578504, 0
3004, 2564142, 0
3004, 2596798, 0
3004, 2572278, 0
3004, 2621289, 0
3004, 2596902, 0
3004, 2629688, 0
3004, 2629656, 0
3004, 2646067, 0
3004, 2621637, 0
3004, 2654156, 0
3004, 2654187, 0
3004, 2654333, 0
3004, 2662277, 0
3004, 2687004, 0
3004, 2662144, 0
3004, 2695289, 0
3004, 2703075, 0
3004, 2703316, 0
3004, 2703315, 0
3004, 2727842, 0
3004, 2711585, 0
3004, 2728056, 0
3004, 2706006, 0
3004, 2744345, 0
3004, 2752343, 0
3004, 2760716, 0
3004, 2752590, 0
3004, 2793253, 0
3004, 2776986, 0
3004, 2793534, 0
3004, 2776979, 0
3004, 2809979, 0
3004, 2801788, 0
3004, 2818049, 0
3004, 2826037, 0
3004, 2826383, 0
3004, 2842414, 0
3004, 2842579, 0
3004, 2850707, 0
3004, 2867147, 0
3004, 2867157, 0
3004, 2858929, 0
3004, 2875309, 0
3004, 2899826, 0
3004, 2893826, 0
3004, 2899995, 0
3004, 2900466, 0
3004, 2916965, 0
3004, 2918082, 0
3004, 2932748, 0
3004, 2940308, 0
3004, 2957291, 0
3004, 2940915, 0
3004, 2973533, 0
3004, 2965486, 0
3004, 2973775, 0
3004, 2965479, 0
3004, 2998129, 0
3004, 2989967, 0
3004, 3014655, 0
3004, 3006273, 0
3004, 3031013, 0
3004, 3014553, 0
3004, 3039327, 0
3004, 3022722, 0
3004, 3063659, 0
3004, 3039114, 0
3004, 3080105, 0
3004, 3055490, 0
3004, 3096573, 0
3004, 3071881, 0
3004, 3088378, 0
3004, 3080027, 0
3004, 3080386, 0
3004, 3096253, 0
3004, 3137411, 0
3004, 3112832, 0
3004, 3161945, 0
3004, 3129186, 0
3004, 3153927, 0
3004, 3129400, 0
3004, 3162072, 0
3004, 3170137, 0
3004, 3178345, 0
3004, 3170153, 0
3004, 3203158, 0
3004, 3194679, 0
3004, 3202967, 0
3004, 3211208, 0
3004, 3235548, 0
3004, 3227352, 0
3004, 3235942, 0
3004, 3235678, 0
3004, 3260244, 0
3004, 3260179, 0
3004, 3268445, 0
3004, 3268664, 0
3004, 3293012, 0
3004, 3301039, 0
3004, 3301200, 0
3004, 3309302, 0
3004, 3333770, 0
3004, 3301425, 0
3004, 3334031, 0
3004, 3334088, 0
3004, 3489610, 0
3004, 3334190, 0
3004, 3563437, 0
3004, 3636996, 0
3004, 3784424, 0
3004, 3784528, 0
3004, 3784573, 0
3004, 4013626, 0
3004, 4006244, 0
3004, 4161312, 0
3004, 4382391, 0
3004, 4308736, 0
3004, 4611811, 0
3004, 4538263, 0
3004, 4685702, 0
3004, 4914911, 0
3004, 4833040, 0
3004, 5062251, 0
3004, 5357206, 0
3004, 5136236, 0
3004, 5586640, 0
3004, 5586655, 0
3004, 5889713, 0
3004, 6184764, 0
3004, 6708754, 0
3004, 6258533, 0
3004, 7011867, 0
3004, 6709144, 0
3004, 7379274, 0
3004, 7610042, 0
3004, 7757485, 0
3004, 8134337, 0
3004, 8208018, 0
3004, 8658645, 0
3004, 9338585, 0
3004, 9707290, 0
3004, 9707166, 0
3004, 11206165, 0
3004, 11583144, 0
3004, 12558093, 0
3004, 13532695, 0
3004, 15858771, 0
3004, 15555885, 0
3004, 16154030, 0
3004, 422025, 0
3004, 419706, 0
3004, 415152, 0
3004, 413594, 0
3004, 416746, 0
3004, 413030, 0
3004, 412065, 0
3004, 412135, 0
3004, 411151, 0
3004, 411605, 0
3004, 411059, 0
3004, 410892, 0
3004, 411037, 0
3004, 410643, 0
3004, 410856, 0
3004, 411349, 0
3004, 410497, 0
3004, 410410, 0
3004, 410567, 0
3004, 410550, 0
3004, 410479, 0
3004, 414505, 0
3004, 410381, 0
3004, 410217, 0
3004, 410106, 0
3004, 410045, 0
3004, 410316, 0
3004, 410353, 0
3004, 410427, 0
3004, 410127, 0
3004, 410232, 0
3004, 410276, 0
3004, 409880, 0
3004, 409902, 0
3004, 411520, 0
3004, 409988, 0
3004, 410192, 0
3004, 409768, 0
3004, 409996, 0
3004, 409915, 0
3004, 409641, 0
3004, 409981, 0
3004, 409950, 0
3004, 409917, 0
3004, 410066, 0
3004, 409771, 0
3004, 409695, 0
3004, 410013, 0
3004, 409632, 0
3004, 409934, 0
3004, 409839, 0
3004, 410044, 0
3004, 409898, 0
3004, 409848, 0
3004, 409736, 0
3004, 409823, 0
3004, 434333, 0
3004, 434391, 0
3004, 442727, 0
3004, 450659, 0
3004, 450945, 0
3004, 442676, 0
3004, 475299, 0
3004, 483387, 0
3004, 467313, 0
3004, 492144, 0
3004, 516074, 0
3004, 491634, 0
3004, 500029, 0
3004, 499955, 0
3004, 500109, 0
3004, 540727, 0
3004, 549079, 0
3004, 540853, 0
3004, 550028, 0
3004, 540829, 0
3004, 540884, 0
3004, 573485, 0
3004, 573640, 0
3004, 559787, 0
3004, 581983, 0
3004, 589911, 0
3004, 598953, 0
3004, 606402, 0
3004, 606615, 0
3004, 606625, 0
3004, 622899, 0
3004, 639166, 0
3004, 647147, 0
3004, 647297, 0
3004, 647442, 0
3004, 655507, 0
3004, 671950, 0
3004, 671917, 0
3004, 680028, 0
3004, 704631, 0
3004, 696713, 0
3004, 696614, 0
3004, 721059, 0
3004, 729173, 0
3004, 737508, 0
3004, 745540, 0
3004, 745651, 0
3004, 762080, 0
3004, 770422, 0
3004, 786576, 0
3004, 778474, 0
3004, 794790, 0
3004, 802967, 0
3004, 794906, 0
3004, 811492, 0
3004, 819366, 0
3004, 819308, 0
3004, 835754, 0
3004, 835880, 0
3004, 852079, 0
3004, 868503, 0
3004, 868518, 0
3004, 876707, 0
3004, 884824, 0
3004, 884875, 0
3004, 884988, 0
3004, 909559, 0
3004, 909473, 0
3004, 909488, 0
3004, 909571, 0
3004, 926073, 0
3004, 934033, 0
3004, 950468, 0
3004, 934063, 0
3004, 950439, 0
3004, 950432, 0
3004, 974900, 0
3004, 950554, 0
3004, 983386, 0
3004, 983189, 0
3004, 991275, 0
3004, 999652, 0
3004, 1015973, 0
3004, 1007778, 0
3004, 1032391, 0
3004, 1016051, 0
3004, 1024058, 0
3004, 1024319, 0
3004, 1057009, 0
3004, 1048723, 0
3004, 1065274, 0
3004, 1057122, 0
3004, 1073341, 0
3004, 1081488, 0
3004, 1097875, 0
3004, 1089757, 0
3004, 1097908, 0
3004, 1114451, 0
3004, 1122467, 0
3004, 1130628, 0
3004, 1138855, 0
3004, 1155327, 0
3004, 1155274, 0
3004, 1163485, 0
3004, 1163510, 0
3004, 1179853, 0
3004, 1187986, 0
3004, 1204386, 0
3004, 1213128, 0
3004, 1205106, 0
3004, 1220888, 0
3004, 1229016, 0
3004, 1237204, 0
3004, 1237229, 0
3004, 1253681, 0
3004, 1261695, 0
3004, 1270000, 0
3004, 1278081, 0
3004, 1286325, 0
3004, 1286560, 0
3004, 1294634, 0
3004, 1294436, 0
3004, 1327134, 0
3004, 1311183, 0
3004, 1327233, 0
3004, 1327214, 0
3004, 1351895, 0
3004, 1335727, 0
3004, 1368066, 0
3004, 1351850, 0
3004, 1360129, 0
3004, 1360279, 0
3004, 1385364, 0
3004, 1376368, 0
3004, 1392922, 0
3004, 1384647, 0
3004, 1392804, 0
3004, 1409081, 0
3004, 1425538, 0
3004, 1417285, 0
3004, 1433788, 0
3004, 1425527, 0
3004, 1433811, 0
3004, 1450037, 0
3004, 1450230, 0
3004, 1466457, 0
3004, 1472309, 0
3004, 1474780, 0
3004, 1482729, 0
3004, 1491213, 0
3004, 1507436, 0
3004, 1491034, 0
3004, 1523723, 0
3004, 1523942, 0
3004, 1540040, 0
3004, 1540281, 0
3004, 1556527, 0
3004, 1572750, 0
3004, 1564669, 0
3004, 1564796, 0
3004, 1573132, 0
3004, 1589423, 0
3004, 1605687, 0
3004, 1613834, 0
3004, 1622031, 0
3004, 1622114, 0
3004, 1630320, 0
3004, 1638463, 0
3004, 1646729, 0
3004, 1662967, 0
3004, 1663136, 0
3004, 1671249, 0
3004, 1687572, 0
3004, 1687694, 0
3004, 1703942, 0
3004, 1691081, 0
3004, 1712277, 0
3004, 1712207, 0
3004, 1720381, 0
3004, 1720466, 0
3004, 1744943, 0
3004, 1728561, 0
3004, 1761279, 0
3004, 1753100, 0
3004, 1769410, 0
3004, 1761307, 0
3004, 1761326, 0
3004, 1769509, 0
3004, 1793993, 0
3004, 1794019, 0
3004, 1794044, 0
3004, 1794129, 0
3004, 1826724, 0
3004, 1810477, 0
3004, 1843131, 0
3004, 1835021, 0
3004, 1834955, 0
3004, 1835079, 0
3004, 1851531, 0
3004, 1851507, 0
3004, 1875863, 0
3004, 1876026, 0
3004, 1884093, 0
3004, 1884212, 0
3004, 1900560, 0
3004, 1908759, 0
3004, 1900777, 0
3004, 1933321, 0
3004, 1925239, 0
3004, 1933383, 0
3004, 1941530, 0
3004, 1957790, 0
3004, 1966014, 0
3004, 1966524, 0
3004, 1974214, 0
3004, 1990753, 0
3004, 1998772, 0
3004, 2015136, 0
3004, 2015342, 0
3004, 2015280, 0
3004, 2023506, 0
3004, 2031637, 0
3004, 2048111, 0
3004, 2048029, 0
3004, 2048199, 0
3004, 2072569, 0
3004, 2078607, 0
3004, 2080749, 0
3004, 2097004, 0
3004, 2080875, 0
3004, 2097245, 0
3004, 2105336, 0
3004, 2105469, 0
3004, 2121632, 0
3004, 2138110, 0
3004, 2121710, 0
3004, 2154519, 0
3004, 2138095, 0
3004, 2154623, 0
3004, 2162727, 0
3004, 2162705, 0
3004, 2187137, 0
3004, 2195327, 0
3004, 2179065, 0
3004, 2195637, 0
3004, 2195456, 0
3004, 2195650, 0
3004, 2211760, 0
3004, 2236493, 0
3004, 2219910, 0
3004, 2236419, 0
3004, 2228225, 0
3004, 2244743, 0
3004, 2252599, 0
3004, 2260958, 0
3004, 2285419, 0
3004, 2277264, 0
3004, 2277255, 0
3004, 2277539, 0
3004, 2301932, 0
3004, 2310121, 0
3004, 2318389, 0
3004, 2310240, 0
3004, 2334694, 0
3004, 2334680, 0
3004, 2351065, 0
3004, 2359166, 0
3004, 2359273, 0
3004, 2359319, 0
3004, 2375705, 0
3004, 2375793, 0
3004, 2392147, 0
3004, 2384043, 0
3004, 2408516, 0
3004, 2408602, 0
3004, 2432959, 0
3004, 2432943, 0
3004, 2441220, 0
3004, 2449414, 0
3004, 2457597, 0
3004, 2457660, 0
3004, 2465754, 0
3004, 2466055, 0
3004, 2482344, 0
3004, 2522837, 0
3004, 2490415, 0
3004, 2514792, 0
3004, 2514091, 0
3004, 2523099, 0
3004, 2539372, 0
3004, 2547659, 0
3004, 2539531, 0
3004, 2547646, 0
3004, 2547665, 0
3004, 2547849, 0
3004, 2563932, 0
3004, 2580393, 0
3004, 2580421, 0
3004, 2596883, 0
3004, 2588607, 0
3004, 2596879, 0
3004, 2596926, 0
3004, 2621345, 0
3004, 2621387, 0
3004, 2646065, 0
3004, 2629568, 0
3004, 2645954, 0
3004, 2654064, 0
3004, 2662316, 0
3004, 2670541, 0
3004, 2670740, 0
3004, 2654348, 0
3004, 2686947, 0
3004, 2703276, 0
3004, 2703276, 0
3004, 2711373, 0
3004, 2719601, 0
3004, 2719708, 0
3004, 2735950, 0
3004, 2749074, 0
3004, 2752399, 0
3004, 2768788, 0
3004, 2752455, 0
3004, 2793265, 0
3004, 2793423, 0
3004, 2793378, 0
3004, 2785263, 0
3004, 2809695, 0
3004, 2801524, 0
3004, 2809744, 0
3004, 2818004, 0
3004, 2850704, 0
3004, 2842510, 0
3004, 2858786, 0
3004, 2842543, 0
3004, 2867075, 0
3004, 2883470, 0
3004, 2883526, 0
3004, 2891678, 0
3004, 2908030, 0
3004, 2916129, 0
3004, 2924248, 0
3004, 2908077, 0
3004, 2924354, 0
3004, 2932513, 0
3004, 2940871, 0
3004, 2940790, 0
3004, 2948932, 0
3004, 2957078, 0
3004, 2949167, 0
3004, 2981609, 0
3004, 2973588, 0
3004, 2990040, 0
3004, 2981760, 0
3004, 2998081, 0
3004, 2998083, 0
3004, 3014492, 0
3004, 3014510, 0
3004, 3014626, 0
3004, 3030909, 0
3004, 3039034, 0
3004, 3047715, 0
3004, 3063558, 0
3004, 3071847, 0
3004, 3096430, 0
3004, 3079938, 0
3004, 3080145, 0
3004, 3080055, 0
3004, 3088233, 0
3004, 3104514, 0
3004, 3104643, 0
3004, 3120921, 0
3004, 3117457, 0
3004, 3129187, 0
3004, 3129314, 0
3004, 3145505, 0
3004, 3151437, 0
3004, 3170203, 0
3004, 3162007, 0
3004, 3178321, 0
3004, 3202775, 0
3004, 3202856, 0
3004, 3194642, 0
3004, 3227496, 0
3004, 3203013, 0
3004, 3235543, 0
3004, 3235674, 0
3004, 3260247, 0
3004, 3235793, 0
3004, 3268369, 0
3004, 3260284, 0
3004, 3268338, 0
3004, 3284774, 0
3004, 3292908, 0
3004, 3285047, 0
3004, 3317373, 0
3004, 3301256, 0
3004, 3333837, 0
3004, 3325843, 0
3004, 3327256, 0
3004, 3407802, 0
3004, 3407781, 0
3004, 3555163, 0
3004, 3563296, 0
3004, 3637150, 0
3004, 3784411, 0
3004, 3858143, 0
3004, 4013952, 0
3004, 4013796, 0
3004, 4013821, 0
3004, 4161366, 0
3004, 4235119, 0
3004, 4390723, 0
3004, 4538063, 0
3004, 4681451, 0
3004, 4685493, 0
3004, 4914936, 0
3004, 5136088, 0
3004, 5136154, 0
3004, 5209794, 0
3004, 5581912, 0
3004, 5734024, 0
3004, 5504935, 0
3004, 5734782, 0
3004, 6037273, 0
3004, 6556379, 0
3004, 6782640, 0
3004, 6856336, 0
3004, 7454009, 0
3004, 7454251, 0
3004, 7757334, 0
3004, 8281751, 0
3004, 8732147, 0
3004, 9182843, 0
3004, 9706715, 0
3004, 10083947, 0
3004, 10682022, 0
3004, 10976915, 0
3004, 12180898, 0
3004, 12631603, 0
3004, 13303060, 0
3004, 13827405, 0
3004, 15932526, 0
3004, 15556362, 0
3003, 1129, 0
3002, 71635441, 5757
3002, 24380898, 1884
3002, 71635437, 5820
3002, 24380897, 1904
3002, 71569901, 5816
3002, 24380897, 1903
3002, 71635440, 5816
3002, 24380898, 1903
3002, 71569901, 5816
3002, 24380897, 1903
3002, 71569905, 5829
3002, 24380898, 1907
3002, 71307756, 5816
3002, 24249825, 1903
3002, 73404909, 5816
3002, 24970721, 1903
3002, 71045613, 5816
3002, 24184289, 1903
3002, 70849004, 5824
3002, 24118753, 1906
3002, 71111149, 5821
3002, 24184289, 1905
3002, 72618473, 5801
3002, 24708576, 1898
3002, 74715628, 5812
3002, 25363937, 1902
3002, 75764197, 5825
3002, 25691615, 1906
3002, 77926889, 5828
3002, 26412512, 1907
3002, 79761897, 5825
3002, 27002336, 1906
3002, 81596901, 5821
3002, 27592159, 1905
3002, 83628517, 5825
3002, 28247519, 1906
3002, 85463525, 5825
3002, 28837343, 1906
3002, 87364069, 5821
3002, 29492703, 1905
3002, 89461217, 5825
3002, 30148061, 1906
3002, 91034085, 5820
3002, 30672351, 1904
3002, 93589988, 5797
3002, 31458782, 1897
3002, 94966241, 5816
3002, 31917533, 1903
3002, 97260001, 5816
3002, 32703965, 1903
3002, 99095005, 5821
3002, 33293788, 1905
3002, 101454304, 5813
3002, 34014685, 1902
3002, 103289309, 5820
3002, 34604508, 1904
3002, 105452001, 5829
3002, 35325405, 1907
3002, 107024861, 5816
3002, 35849692, 1903
3002, 109842909, 5816
3002, 36767196, 1903
3002, 111677917, 5813
3002, 37357020, 1902
3002, 113512925, 5804
3002, 37946844, 1899
3002, 115347933, 5813
3002, 38536668, 1902
3002, 117772765, 5809
3002, 39323100, 1901
3002, 119804381, 5805
3002, 39978460, 1899
3002, 121180636, 5809
3002, 40437212, 1901
3002, 123474393, 5800
3002, 41158107, 1898
3002, 124850648, 5797
3002, 41616858, 1897
3002, 127209948, 5797
3002, 42403292, 1897
3002, 128782808, 5793
3002, 42927578, 1896
3002, 131600856, 5789
3002, 43779546, 1894
3002, 133173713, 5773
3002, 44303832, 1889
3002, 136843736, 5757
3002, 45483482, 1884
3002, 138416600, 5773
3002, 46007770, 1889
3002, 140579288, 5765
3002, 46728666, 1886
3002, 142152148, 5765
3002, 47252953, 1886
3002, 143987157, 5768
3002, 47842777, 1887
3002, 145756624, 5765
3002, 48367064, 1886
3002, 147853777, 5765
3002, 49087960, 1886
3002, 149688784, 5761
3002, 49677784, 1885
3002, 151851469, 5757
3002, 50398679, 1884
3002, 154210765, 5765
3002, 51119575, 1886
3002, 155718096, 5765
3002, 51643864, 1886
3002, 157618641, 5781
3002, 52233688, 1892
3002, 159388109, 5765
3002, 52823511, 1886
3002, 161812944, 5772
3002, 53609944, 1889
3002, 163647949, 5772
3002, 54199767, 1889
3002, 166203853, 5761
3002, 55051735, 1885
3002, 167776716, 5709
3002, 55510487, 1868
3002, 170201549, 6333
3002, 56296919, 2071
3002, 172036557, 6621
3002, 56886743, 2164
3002, 174133701, 6968
3002, 57607636, 2276
3002, 176230856, 6957
3002, 58262997, 2273
3002, 179311048, 7093
3002, 59246037, 2317
3002, 181473733, 7245
3002, 59966932, 2366
3002, 184029637, 7261
3002, 60818900, 2371
3002, 185668037, 7261
3002, 61343188, 2371
3002, 187699657, 7269
3002, 61998550, 2374
3002, 190058949, 7276
3002, 62784980, 2376
3002, 191697345, 7253
3002, 63309267, 2369
3002, 193466821, 7257
3002, 63899092, 2370
3002, 195301828, 7261
3002, 64488916, 2371
3002, 197923265, 7260
3002, 65340883, 2371
3002, 199758273, 7261
3002, 65930707, 2371
3002, 203428289, 7269
3002, 67110355, 2374
3002, 205328833, 7260
3002, 67700179, 2371
3002, 207360448, 7261
3002, 68355539, 2371
3002, 209195457, 7261
3002, 68945363, 2371
3002, 211030464, 7261
3002, 69535187, 2371
3002, 212668864, 7269
3002, 70059475, 2374
3002, 215028160, 7261
3002, 70845907, 2371
3002, 217125312, 7256
3002, 71566803, 2370
3002, 219156928, 7260
3002, 72222163, 2371
3002, 221516220, 7261
3002, 72943057, 2371
3002, 223154617, 7261
3002, 73467344, 2371
3002, 225251769, 7253
3002, 74188240, 2369
3002, 227545529, 7253
3002, 74909136, 2369
3002, 230166968, 7261
3002, 75761104, 2371
3002, 232853945, 7261
3002, 76613072, 2371
3002, 233640376, 7260
3002, 76875216, 2371
3002, 235737528, 7245
3002, 77596112, 2366
3002, 237507000, 7256
3002, 78120400, 2370
3002, 239931829, 7253
3002, 78906831, 2369
3002, 242291128, 7237
3002, 79693264, 2364
3002, 244126132, 7244
3002, 80283087, 2366
3002, 246485429, 7253
3002, 81069519, 2369
3002, 248582581, 7257
3002, 81724879, 2370
3002, 250876344, 7253
3002, 82445776, 2369
3002, 252252597, 7256
3002, 82904527, 2370
3002, 255070640, 7245
3002, 83822029, 2366
3002, 257167793, 7237
3002, 84542926, 2364
3002, 259068337, 7245
3002, 85132750, 2366
3002, 260837813, 7244
3002, 85722575, 2366
3002, 262738352, 7245
3002, 86312397, 2366
3002, 264311216, 7237
3002, 86836685, 2364
3002, 266867120, 7244
3002, 87688653, 2366
3002, 269291952, 7245
3002, 88475085, 2366
3002, 270340528, 7245
3002, 88802765, 2366
3002, 273158576, 7245
3002, 89720269, 2366
3002, 274796973, 7244
3002, 90244556, 2366
3002, 275321260, 7244
3002, 90375628, 2366
3002, 275845545, 7241
3002, 90572235, 2365
3002, 276566441, 7241
3002, 90834379, 2365
3002, 276828588, 7245
3002, 90899916, 2366
3002, 277418412, 7257
3002, 91096524, 2370
3002, 277942700, 7253
3002, 91227596, 2369
3002, 278925741, 7245
3002, 91555276, 2366
3002, 278991273, 7245
3002, 91620811, 2366
3002, 279974316, 7237
3002, 91882956, 2364
3002, 280236453, 7241
3002, 92014026, 2365
3002, 281088421, 7245
3002, 92276170, 2366
3002, 281874853, 7260
3002, 92538314, 2371
3002, 282136997, 7245
3002, 92603850, 2366
3002, 282857893, 7253
3002, 92865994, 2369
3002, 283120037, 7244
3002, 92931530, 2366
3002, 284168613, 7253
3002, 93259210, 2369
3002, 284496288, 7245
3002, 93390280, 2366
3002, 285217184, 7256
3002, 93586888, 2370
3002, 285807009, 7237
3002, 93783497, 2364
3002, 286593440, 7244
3002, 94045640, 2366
3002, 287642016, 7245
3002, 94373320, 2366
3002, 288100768, 7245
3002, 94569928, 2366
3002, 288887200, 7245
3002, 94832072, 2366
3002, 289214880, 7253
3002, 94897608, 2369
3002, 290263456, 7244
3002, 95225288, 2366
3002, 291049888, 7245
3002, 95487432, 2366
3002, 291836320, 7245
3002, 95749576, 2366
3002, 292557216, 7245
3002, 96011720, 2366
3002, 293409184, 7253
3002, 96273864, 2369
3002, 294195629, 7253
3002, 96536012, 2369
3002, 294982080, 7261
3002, 96798163, 2371
3002, 295768517, 7240
3002, 97060308, 2365
3002, 296751576, 7245
3002, 97322458, 2366
3002, 297800160, 7245
3002, 97715677, 2366
3002, 298127852, 7245
3002, 97781217, 2366
3002, 299635192, 7253
3002, 98305509, 2369
3002, 300225029, 7253
3002, 98502121, 2369
3002, 301208081, 7245
3002, 98764269, 2366
3002, 302060065, 7245
3002, 99091954, 2366
3002, 303043120, 7245
3002, 99419639, 2366
3002, 304091709, 7245
3002, 99747323, 2366
3002, 305205836, 7245
3002, 100075008, 2366
3002, 306975325, 7253
3002, 100664838, 2369
3002, 307303021, 7244
3002, 100795915, 2366
3002, 308613765, 7245
3002, 101189138, 2366
3002, 309662357, 7256
3002, 101516824, 2370
3002, 311235237, 7237
3002, 102041117, 2364
3002, 312480444, 7245
3002, 102434340, 2366
3002, 313332436, 7257
3002, 102696492, 2370
3002, 314643173, 7257
3002, 103155250, 2370
3002, 315953909, 7245
3002, 103548471, 2366
3002, 317002509, 7245
3002, 103941695, 2366
3002, 318772005, 7245
3002, 104465990, 2366
3002, 320148285, 7253
3002, 104924750, 2369
3002, 321196877, 7260
3002, 105252435, 2371
3002, 322769765, 7253
3002, 105776731, 2369
3002, 323818364, 7260
3002, 106104419, 2371
3002, 325391253, 7256
3002, 106628715, 2370
3002, 326898597, 7260
3002, 107153008, 2371
3002, 328537025, 7245
3002, 107677305, 2366
3002, 329585628, 7260
3002, 108004994, 2371
3002, 330634221, 7245
3002, 108332679, 2366
3002, 333190181, 7253
3002, 109184665, 2369
3002, 334304325, 7256
3002, 109512356, 2370
3002, 337974365, 7261
3002, 110692011, 2371
3002, 339547252, 7253
3002, 111216307, 2369
3002, 341382285, 7253
3002, 111806139, 2369
3002, 342693033, 7245
3002, 112264900, 2366
3002, 344790213, 7253
3002, 112920269, 2369
3002, 346363101, 7253
3002, 113444565, 2369
3002, 348460280, 7245
3002, 114099934, 2366
3002, 350033180, 7253
3002, 114624233, 2369
3002, 351606069, 7256
3002, 115148530, 2370
3002, 353965397, 7245
3002, 115869436, 2366
3002, 355538285, 7245
3002, 116393732, 2366
3002, 357897612, 7245
3002, 117180174, 2366
3002, 359404969, 7261
3002, 117638935, 2371
3002, 361567689, 7260
3002, 118359841, 2371
3002, 363599333, 7245
3002, 119015211, 2366
3002, 365434380, 7261
3002, 119605047, 2371
3002, 367334952, 7253
3002, 120260416, 2369
3002, 371529285, 7261
3002, 121571146, 2371
3002, 373626469, 7269
3002, 122292052, 2374
3002, 375199356, 7244
3002, 122750812, 2366
3002, 377296549, 7253
3002, 123471721, 2369
3002, 379655873, 7245
3002, 124258162, 2366
3002, 382015197, 7261
3002, 124979067, 2371
3002, 384374533, 7257
3002, 125765512, 2370
3002, 386209576, 7256
3002, 126355347, 2370
3002, 388765517, 7261
3002, 127207327, 2371
3002, 390928241, 7245
3002, 127862699, 2366
3002, 393549717, 7261
3002, 128714679, 2371
3002, 396105653, 7260
3002, 129566657, 2371
3002, 397940693, 7133
3002, 130156491, 2330
3002, 400365564, 7256
3002, 130942936, 2370
3002, 402462752, 7257
3002, 131598308, 2370
3002, 404756525, 7261
3002, 132384744, 2371
3002, 405870669, 7261
3002, 132712434, 2371
3002, 407705717, 7257
3002, 133302271, 2370
3002, 410851485, 7256
3002, 134350860, 2370
3002, 413472965, 7245
3002, 135202841, 2366
3002, 416094445, 7257
3002, 136054822, 2370
3002, 418191637, 7253
3002, 136710195, 2369
3002, 421337405, 7253
3002, 137758784, 2369
3002, 424483181, 7257
3002, 138741840, 2370
3002, 426580373, 7261
3002, 139462749, 2371
3002, 429726141, 7261
3002, 140445802, 2371
3002, 432347629, 7261
3002, 141297785, 2371
3002, 434444825, 7260
3002, 142018695, 2371
3002, 438639181, 7256
3002, 143329432, 2370
3002, 440212085, 7257
3002, 143853733, 2370
3002, 443882157, 7261
3002, 145033399, 2371
3002, 447027932, 7261
3002, 146081991, 2371
3002, 450697997, 7261
3002, 147261655, 2371
3002, 453843772, 7261
3002, 148310246, 2371
3002, 456923997, 7253
3002, 149293296, 2369
3002, 460135309, 7256
3002, 150341888, 2370
3002, 463215549, 7253
3002, 151324944, 2369
3002, 466426861, 7260
3002, 152373535, 2371
3002, 474815605, 7261
3002, 155060555, 2371
3002, 477437096, 7257
3002, 155912540, 2370
3002, 481828060, 7260
3002, 157354349, 2371
3002, 484777236, 7261
3002, 158337407, 2371
3002, 488971581, 7260
3002, 159648140, 2371
3002, 491593085, 7261
3002, 160500129, 2371
3002, 495721900, 7261
3002, 161876400, 2371
3002, 498933221, 7260
3002, 162924995, 2371
3002, 499981861, 7256
3002, 163252695, 2370
3002, 506797645, 7253
3002, 165415396, 2369
3002, 509353613, 7261
3002, 166267385, 2371
3002, 513285837, 7261
3002, 167578126, 2371
3002, 516759293, 7260
3002, 168692253, 2371
3002, 519905085, 7261
3002, 169675314, 2371
3002, 524099453, 7261
3002, 171051591, 2371
3002, 528293805, 7285
3002, 172427862, 2379
3002, 531439589, 7260
3002, 173410920, 2371
3002, 534585343, 7256
3002, 174459505, 2370
3002, 536813567, 7260
3002, 175180401, 2371
3002, 536813567, 7256
3002, 175180401, 2370
3002, 536813567, 7261
3002, 175180401, 2371
3002, 536813567, 7257
3002, 175180401, 2370
3002, 536813567, 7260
3002, 175180401, 2371
3002, 536813567, 7245
3002, 175180401, 2366
3002, 536813567, 7260
3002, 175180401, 2371
3002, 536813567, 7261
3002, 175180401, 2371
3004, 11555847, 0
3004, 5875841, 0
3004, 4089753, 0
3004, 3302652, 0
3004, 2714999, 0
3004, 2185092, 0
3004, 1819055, 0
3004, 1868979, 0
3004, 1706026, 0
3004, 1561044, 0
3004, 1478377, 0
3004, 1416705, 0
3004, 1379165, 0
3004, 1108531, 0
3004, 1090426, 0
3004, 1185733, 0
3004, 1022909, 0
3004, 1021692, 0
3004, 915668, 0
3004, 925409, 0
3004, 926511, 0
3004, 897113, 0
3004, 868056, 0
3004, 875865, 0
3004, 891333, 0
3004, 899731, 0
3004, 890965, 0
3004, 914827, 0
3004, 907022, 0
3004, 967892, 0
3004, 953803, 0
3004, 961877, 0
3004, 1015968, 0
3004, 999228, 0
3004, 992532, 0
3004, 1123718, 0
3004, 1068828, 0
3004, 1107536, 0
3004, 1124037, 0
3004, 1163625, 0
3004, 1140006, 0
3004, 1224319, 0
3004, 1209477, 0
3004, 1225457, 0
3004, 1232612, 0
3004, 1248091, 0
3004, 1263893, 0
3004, 1285909, 0
3004, 1309977, 0
3004, 1332296, 0
3004, 1316795, 0
3004, 1324688, 0
3004, 1356370, 0
3004, 1348753, 0
3004, 1379718, 0
3004, 1473255, 0
3004, 1442304, 0
3004, 1503812, 0
3004, 1511198, 0
3004, 1519417, 0
3004, 1550854, 0
3004, 1542861, 0
3004, 1565783, 0
3004, 1574035, 0
3004, 1543852, 0
3004, 1604211, 0
3004, 1612936, 0
3004, 1613902, 0
3004, 1643272, 0
3004, 1652882, 0
3004, 1676010, 0
3004, 1690762, 0
3004, 1714166, 0
3004, 1767803, 0
3004, 1776362, 0
3004, 1791274, 0
3004, 1807480, 0
3004, 1830780, 0
3004, 1838920, 0
3004, 1853604, 0
3004, 1876703, 0
3004, 1884030, 0
3004, 1831273, 0
3004, 1900274, 0
3004, 1899429, 0
3004, 1892512, 0
3004, 1916766, 0
3004, 1945954, 0
3004, 1945135, 0
3004, 1970474, 0
3004, 1995365, 0
3004, 2024063, 0
3004, 2040994, 0
3004, 2062780, 0
3004, 2085739, 0
3004, 2095033, 0
3004, 2117147, 0
3004, 2132790, 0
3004, 2155743, 0
3004, 2163720, 0
3004, 2164153, 0
3004, 2194023, 0
3004, 2233482, 0
3004, 2218099, 0
3004, 2232213, 0
3004, 2233107, 0
3004, 2241545, 0
3004, 2265317, 0
3004, 2281095, 0
3004, 2312129, 0
3004, 2336035, 0
3004, 2358678, 0
3004, 2388244, 0
3004, 2388578, 0
3004, 2412245, 0
3004, 2427845, 0
3004, 2444834, 0
3004, 2459855, 0
3004, 2499314, 0
3004, 2497396, 0
3004, 2506425, 0
3004, 2536639, 0
3004, 2544092, 0
3004, 2574822, 0
3004, 2576049, 0
3004, 2613753, 0
3004, 2622213, 0
3004, 2637436, 0
3004, 2660796, 0
3004, 2668620, 0
3004, 2675748, 0
3004, 2692310, 0
3004, 2722098, 0
3004, 2715508, 0
3004, 2753062, 0
3004, 2746504, 0
3004, 2791307, 0
3004, 2807988, 0
3004, 2823030, 0
3004, 2836123, 0
3004, 2838881, 0
3004, 2878004, 0
3004, 2893501, 0
3004, 2903074, 0
3004, 2924740, 0
3004, 2917828, 0
3004, 2963338, 0
3004, 2978800, 0
3004, 2985786, 0
3004, 2995855, 0
3004, 3028544, 0
3004, 3024224, 0
3004, 3029537, 0
3004, 3048570, 0
3004, 3042748, 0
3004, 3094779, 0
3004, 3105704, 0
3004, 3117232, 0
3004, 3148980, 0
3004, 3156558, 0
3004, 3188135, 0
3004, 3204344, 0
3004, 3227438, 0
3004, 3234307, 0
3004, 3243582, 0
3004, 3273706, 0
3004, 3277529, 0
3004, 3289098, 0
3004, 3319533, 0
3004, 3297051, 0
3004, 3350662, 0
3004, 3334033, 0
3004, 3352020, 0
3004, 3351428, 0
3004, 3406461, 0
3004, 3396895, 0
3004, 3466710, 0
3004, 3474446, 0
3004, 3453481, 0
3004, 3515187, 0
3004, 3536143, 0
3004, 3537465, 0
3004, 3551925, 0
3004, 3575730, 0
3004, 3591025, 0
3004, 3599501, 0
3004, 3614292, 0
3004, 3644944, 0
3004, 3644901, 0
3004, 3667512, 0
3004, 3668065, 0
3004, 3716008, 0
3004, 3729978, 0
3004, 3708806, 0
3004, 3730617, 0
3004, 3769628, 0
3004, 3753948, 0
3004, 3792651, 0
3004, 3839326, 0
3004, 3837961, 0
3004, 3855495, 0
3004, 3886580, 0
3004, 3900923, 0
3004, 3909387, 0
3004, 3925037, 0
3004, 3941332, 0
3004, 3956444, 0
3004, 3978587, 0
3004, 3995057, 0
3004, 4003412, 0
3004, 4025627, 0
3004, 4048113, 0
3004, 4056908, 0
3004, 4064238, 0
3004, 4102349, 0
3004, 4095543, 0
3004, 4127163, 0
3004, 4142838, 0
3004, 4157279, 0
3004, 4180620, 0
3004, 4196527, 0
3004, 4204709, 0
3004, 4227004, 0
3004, 4242658, 0
3004, 4258767, 0
3004, 4281192, 0
3004, 4289336, 0
3004, 4306255, 0
3004, 4313437, 0
3004, 4329466, 0
3004, 4358793, 0
3004, 4382363, 0
3004, 4398372, 0
3004, 4407138, 0
3004, 4428956, 0
3004, 4443837, 0
3004, 4459942, 0
3004, 4482675, 0
3004, 4491337, 0
3004, 4490965, 0
3004, 4522456, 0
3004, 4530134, 0
3004, 4560438, 0
3004, 4577322, 0
3004, 4586039, 0
3004, 4608410, 0
3004, 4637878, 0
3004, 4630897, 0
3004, 4653809, 0
3004, 4677287, 0
3004, 4692046, 0
3004, 4708077, 0
3004, 4717447, 0
3004, 4747125, 0
3004, 4778108, 0
3004, 4777620, 0
3004, 4794648, 0
3004, 4808329, 0
3004, 4847311, 0
3004, 4855301, 0
3004, 4847528, 0
3004, 4893617, 0
3004, 4902508, 0
3004, 4925588, 0
3004, 4940914, 0
3004, 4949337, 0
3004, 4964165, 0
3004, 4980540, 0
3004, 4987745, 0
3004, 5018501, 0
3004, 5027678, 0
3004, 5036086, 0
3004, 5052214, 0
3004, 5082340, 0
3004, 5089510, 0
3004, 5126916, 0
3004, 5129284, 0
3004, 5145400, 0
3004, 5152298, 0
3004, 5182705, 0
3004, 5188647, 0
3004, 5213418, 0
3004, 5236345, 0
3004, 5266565, 0
3004, 5289320, 0
3004, 5267189, 0
3004, 5298025, 0
3004, 5305824, 0
3004, 5313705, 0
3004, 5337634, 0
3004, 5366459, 0
3004, 5360041, 0
3004, 5391652, 0
3004, 5398116, 0
3004, 5413931, 0
3004, 5429448, 0
3004, 5461650, 0
3004, 5476683, 0
3004, 5477463, 0
3004, 5523149, 0
3004, 5538711, 0
3004, 5547022, 0
3004, 5569229, 0
3004, 5577681, 0
3004, 5593162, 0
3004, 5623309, 0
3004, 5631648, 0
3004, 5661841, 0
3004, 5669800, 0
3004, 5678180, 0
3004, 5717001, 0
3004, 5716149, 0
3004, 5732809, 0
3004, 5748154, 0
3004, 5755208, 0
3004, 5764097, 0
3004, 5778412, 0
3004, 5833766, 0
3004, 5818405, 0
3004, 5848805, 0
3004, 5871933, 0
3004, 5872291, 0
3004, 5895384, 0
3004, 5918870, 0
3004, 5963053, 0
3004, 5964531, 0
3004, 5966581, 0
3004, 5973785, 0
3004, 6011565, 0
3004, 6004180, 0
3004, 6035114, 0
3004, 6051029, 0
3004, 6065154, 0
3004, 6067737, 0
3004, 6112290, 0
3004, 6111950, 0
3004, 6120196, 0
3004, 6142852, 0
3004, 6151641, 0
3004, 6175339, 0
3004, 6175279, 0
3004, 6190816, 0
3004, 6230618, 0
3004, 6228668, 0
3004, 6260384, 0
3004, 6290082, 0
3004, 6306212, 0
3004, 6337415, 0
3004, 6352671, 0
3004, 6361972, 0
3004, 6391565, 0
3004, 6399246, 0
3004, 6406464, 0
3004, 6411873, 0
3004, 6438288, 0
3004, 6439402, 0
3004, 6453342, 0
3004, 6477140, 0
3004, 6507137, 0
3004, 6508024, 0
3004, 6499613, 0
3004, 6532384, 0
3004, 6555054, 0
3004, 6585283, 0
3004, 6602586, 0
3004, 6625610, 0
3004, 6632542, 0
3004, 6663772, 0
3004, 6686884, 0
3004, 6695000, 0
3004, 6710807, 0
3004, 6740092, 0
3004, 6741644, 0
3004, 6749251, 0
3004, 6779423, 0
3004, 6794982, 0
3004, 6810989, 0
3004, 6818893, 0
3004, 6834231, 0
3004, 6857057, 0
3004, 6856416, 0
3004, 6881083, 0
3004, 6895723, 0
3004, 6919596, 0
3004, 6949823, 0
3004, 6966768, 0
3004, 6988940, 0
3004, 6996924, 0
3004, 7013248, 0
3004, 7028115, 0
3004, 7044407, 0
3004, 7059615, 0
3004, 7075129, 0
3004, 7098497, 0
3004, 7113565, 0
3004, 7130404, 0
3004, 7166686, 0
3004, 7160180, 0
3004, 7190795, 0
3004, 7199564, 0
3004, 7222500, 0
3004, 7267830, 0
3004, 7245914, 0
3004, 7268764, 0
3004, 7276388, 0
3004, 7307321, 0
3004, 7310352, 0
3004, 7331115, 0
3004, 7338774, 0
3004, 7369241, 0
3004, 7378038, 0
3004, 7393971, 0
3004, 7438446, 0
3004, 7424663, 0
3004, 7447146, 0
3004, 7486817, 0
3004, 7493584, 0
3004, 7508253, 0
3004, 7524330, 0
3004, 7546992, 0
3004, 7541239, 0
3004, 7563637, 0
3004, 7585741, 0
3004, 7609349, 0
3004, 7618500, 0
3004, 7649097, 0
3004, 7672478, 0
3004, 7674427, 0
3004, 7695247, 0
3004, 7717799, 0
3004, 7725642, 0
3004, 7718993, 0
3004, 7779805, 0
3004, 7764446, 0
3004, 7806291, 0
3004, 7812146, 0
3004, 7820829, 0
3004, 7836592, 0
3004, 7866448, 0
3004, 7881908, 0
3004, 7881797, 0
3004, 7904833, 0
3004, 7912222, 0
3004, 7936206, 0
3004, 7958740, 0
3004, 7975042, 0
3004, 7982716, 0
3004, 8020965, 0
3004, 8029265, 0
3004, 8028681, 0
3004, 8067278, 0
3004, 8076343, 0
3004, 8106772, 0
3004, 8113368, 0
3004, 8143142, 0
3004, 8137900, 0
3004, 8154047, 0
3004, 8162186, 0
3004, 8192559, 0
3004, 8207444, 0
3004, 8208189, 0
3004, 8238129, 0
3004, 8254307, 0
3004, 8262123, 0
3004, 8301010, 0
3004, 8316067, 0
3004, 8316559, 0
3004, 8332941, 0
3004, 8355673, 0
3004, 8378513, 0
3004, 8386655, 0
3004, 8401786, 0
3004, 8394741, 0
3004, 8425997, 0
3004, 8448183, 0
3004, 8455832, 0
3004, 8487503, 0
3004, 8494042, 0
3004, 8509519, 0
3004, 8527068, 0
3004, 8557233, 0
3004, 8556789, 0
3004, 8573379, 0
3004, 8603929, 0
3004, 8611999, 0
3004, 8649645, 0
3004, 8658290, 0
3004, 8673145, 0
3004, 9207119, 0
3004, 9048718, 0
3004, 10297520, 0
3004, 10318996, 0
3004, 11033730, 0
3004, 11220899, 0
3004, 12481876, 0
3004, 12851356, 0
3004, 13775701, 0
3004, 14858034, 0
3004, 16668258, 0
3004, 16848233, 0
3004, 11207091, 0
3004, 6133658, 0
3004, 4505744, 0
3004, 3274243, 0
3004, 2630995, 0
3004, 2577050, 0
3004, 2081005, 0
3004, 2117405, 0
3004, 1589640, 0
3004, 1600154, 0
3004, 1484121, 0
3004, 1283498, 0
3004, 1249059, 0
3004, 1137384, 0
3004, 1206003, 0
3004, 1050794, 0
3004, 1061802, 0
3004, 1013709, 0
3004, 993704, 0
3004, 970386, 0
3004, 946155, 0
3004, 887158, 0
3004, 869859, 0
3004, 891966, 0
3004, 915714, 0
3004, 907001, 0
3004, 947008, 0
3004, 985632, 0
3004, 969560, 0
3004, 1000779, 0
3004, 1001241, 0
3004, 1047334, 0
3004, 977092, 0
3004, 1101086, 0
3004, 1109346, 0
3004, 1040896, 0
3004, 1048139, 0
3004, 1148001, 0
3004, 1085716, 0
3004, 1170517, 0
3004, 1186209, 0
3004, 1178716, 0
3004, 1170771, 0
3004, 1201957, 0
3004, 1225694, 0
3004, 1256401, 0
3004, 1256131, 0
3004, 1294356, 0
3004, 1318410, 0
3004, 1342288, 0
3004, 1310453, 0
3004, 1389811, 0
3004, 1357612, 0
3004, 1349244, 0
3004, 1395963, 0
3004, 1433722, 0
3004, 1395553, 0
3004, 1419703, 0
3004, 1457468, 0
3004, 1466044, 0
3004, 1504179, 0
3004, 1505078, 0
3004, 1497795, 0
3004, 1521335, 0
3004, 1559517, 0
3004, 1574991, 0
3004, 1597920, 0
3004, 1620610, 0
3004, 1643106, 0
3004, 1666866, 0
3004, 1667560, 0
3004, 1697793, 0
3004, 1682911, 0
3004, 1690816, 0
3004, 1721765, 0
3004, 1744513, 0
3004, 1737523, 0
3004, 1760560, 0
3004, 1776724, 0
3004, 1775969, 0
3004, 1822138, 0
3004, 1821278, 0
3004, 1868214, 0
3004, 1876686, 0
3004, 1892875, 0
3004, 1915454, 0
3004, 1931660, 0
3004, 1946029, 0
3004, 1962323, 0
3004, 1977602, 0
3004, 2016130, 0
3004, 2024416, 0
3004, 2040065, 0
3004, 2063314, 0
3004, 2070323, 0
3004, 2109488, 0
3004, 2102190, 0
3004, 2131957, 0
3004, 2141034, 0
3004, 2162879, 0
3004, 2140974, 0
3004, 2201919, 0
3004, 2170670, 0
3004, 2209641, 0
3004, 2195894, 0
3004, 2263790, 0
3004, 2234154, 0
3004, 2279465, 0
3004, 2287900, 0
3004, 2318193, 0
3004, 2334953, 0
3004, 2371144, 0
3004, 2380378, 0
3004, 2388724, 0
3004, 2412097, 0
3004, 2428261, 0
3004, 2442366, 0
3004, 2467480, 0
3004, 2482541, 0
3004, 2520591, 0
3004, 2521027, 0
3004, 2528035, 0
3004, 2543285, 0
3004, 2559725, 0
3004, 2567127, 0
3004, 2590731, 0
3004, 2591041, 0
3004, 2628416, 0
3004, 2637570, 0
3004, 2660146, 0
3004, 2660366, 0
3004, 2691721, 0
3004, 2691182, 0
3004, 2721712, 0
3004, 2730746, 0
3004, 2768638, 0
3004, 2776403, 0
3004, 2800641, 0
3004, 2824125, 0
3004, 2838068, 0
3004, 2847303, 0
3004, 2884614, 0
3004, 2869072, 0
3004, 2915889, 0
3004, 2877745, 0
3004, 2892832, 0
3004, 2923146, 0
3004, 2931328, 0
3004, 2977592, 0
3004, 2955417, 0
3004, 2993532, 0
3004, 3001048, 0
3004, 3024533, 0
3004, 3033034, 0
3004, 3087131, 0
3004, 3071842, 0
3004, 3117162, 0
3004, 3141214, 0
3004, 3163970, 0
3004, 3172081, 0
3004, 3186941, 0
3004, 3195305, 0
3004, 3218045, 0
3004, 3225929, 0
3004, 3239838, 0
3004, 3264870, 0
3004, 3264335, 0
3004, 3288622, 0
3004, 3287563, 0
3004, 3295947, 0
3004, 3319779, 0
3004, 3350465, 0
3004, 3350330, 0
3004, 3397497, 0
3004, 3374110, 0
3004, 3435540, 0
3004, 3466454, 0
3004, 3443925, 0
3004, 3481829, 0
3004, 3475566, 0
3004, 3522040, 0
3004, 3544854, 0
3004, 3559824, 0
3004, 3568249, 0
3004, 3590925, 0
3004, 3613528, 0
3004, 3615825, 0
3004, 3622206, 0
3004, 3669080, 0
3004, 3653484, 0
3004, 3667050, 0
3004, 3706915, 0
3004, 3723739, 0
3004, 3723001, 0
3004, 3746922, 0
3004, 3769455, 0
3004, 3801777, 0
3004, 3823256, 0
3004, 3831502, 0
3004, 3830803, 0
3004, 3870404, 0
3004, 3878713, 0
3004, 3892716, 0
3004, 3916497, 0
3004, 3924971, 0
3004, 3940390, 0
3004, 3948774, 0
3004, 3978423, 0
3004, 3994928, 0
3004, 4000992, 0
3004, 4032404, 0
3004, 4048884, 0
3004, 4057137, 0
3004, 4079595, 0
3004, 4085644, 0
3004, 4104044, 0
3004, 4117921, 0
3004, 4142291, 0
3004, 4143541, 0
3004, 4172751, 0
3004, 4188426, 0
3004, 4213234, 0
3004, 4204296, 0
3004, 4227423, 0
3004, 4236632, 0
3004, 4265013, 0
3004, 4267340, 0
3004, 4294740, 0
3004, 4320188, 0
3004, 4328518, 0
3004, 4352947, 0
3004, 4359538, 0
3004, 4384269, 0
3004, 4397679, 0
3004, 4405951, 0
3004, 4451376, 0
3004, 4459289, 0
3004, 4482458, 0
3004, 4475734, 0
3004, 4483746, 0
3004, 4518599, 0
3004, 4523955, 0
3004, 4546042, 0
3004, 4555097, 0
3004, 4577762, 0
3004, 4615714, 0
3004, 4622333, 0
3004, 4631479, 0
3004, 4654940, 0
3004, 4654895, 0
3004, 4700820, 0
3004, 4702489, 0
3004, 4716413, 0
3004, 4752364, 0
3004, 4771115, 0
3004, 4769948, 0
3004, 4786667, 0
3004, 4810572, 0
3004, 4824177, 0
3004, 4855607, 0
3004, 4870518, 0
3004, 4886607, 0
3004, 4888795, 0
3004, 4925456, 0
3004, 4926409, 0
3004, 4949592, 0
3004, 4964218, 0
3004, 4958010, 0
3004, 4995786, 0
3004, 5025694, 0
3004, 5024175, 0
3004, 5034206, 0
3004, 5050253, 0
3004, 5080544, 0
3004, 5088883, 0
3004, 5098602, 0
3004, 5127649, 0
3004, 5142644, 0
3004, 5157321, 0
3004, 5173200, 0
3004, 5204826, 0
3004, 5233543, 0
3004, 5227175, 0
3004, 5273854, 0
3004, 5274470, 0
3004, 5268859, 0
3004, 5268036, 0
3004, 5326027, 0
3004, 5313846, 0
3004, 5367957, 0
3004, 5324020, 0
3004, 5352049, 0
3004, 5360881, 0
3004, 5399461, 0
3004, 5436859, 0
3004, 5460581, 0
3004, 5445079, 0
3004, 5476064, 0
3004, 5491129, 0
3004, 5515082, 0
3004, 5538074, 0
3004, 5561172, 0
3004, 5562043, 0
3004, 5584730, 0
3004, 5592701, 0
3004, 5616428, 0
3004, 5607989, 0
3004, 5648735, 0
3004, 5669961, 0
3004, 5655551, 0
3004, 5679012, 0
3004, 5723447, 0
3004, 5702865, 0
3004, 5747543, 0
3004, 5742721, 0
3004, 5771226, 0
3004, 5810813, 0
3004, 5826232, 0
3004, 5826090, 0
3004, 5832632, 0
3004, 5886966, 0
3004, 5879345, 0
3004, 5919315, 0
3004, 5947493, 0
3004, 5941347, 0
3004, 5956250, 0
3004, 5959229, 0
3004, 5973201, 0
3004, 5988651, 0
3004, 6004278, 0
3004, 6013146, 0
3004, 6049715, 0
3004, 6051168, 0
3004, 6066729, 0
3004, 6081585, 0
3004, 6097495, 0
3004, 6098634, 0
3004, 6135715, 0
3004, 6143734, 0
3004, 6167537, 0
3004, 6183460, 0
3004, 6205042, 0
3004, 6221718, 0
3004, 6229035, 0
3004, 6290950, 0
3004, 6299824, 0
3004, 6306287, 0
3004, 6323192, 0
3004, 6330341, 0
3004, 6361860, 0
3004, 6384017, 0
3004, 6392223, 0
3004, 6399387, 0
3004, 6423365, 0
3004, 6445674, 0
3004, 6460921, 0
3004, 6485177, 0
3004, 6484752, 0
3004, 6500819, 0
3004, 6508308, 0
3004, 6562068, 0
3004, 6571087, 0
3004, 6571282, 0
3004, 6609345, 0
3004, 6609468, 0
3004, 6632483, 0
3004, 6632947, 0
3004, 6656569, 0
3004, 6666163, 0
3004, 6702521, 0
3004, 6709263, 0
3004, 6733473, 0
3004, 6732810, 0
3004, 6764295, 0
3004, 6764178, 0
3004, 6794405, 0
3004, 6810613, 0
3004, 6826689, 0
3004, 6828053, 0
3004, 6858149, 0
3004, 6873028, 0
3004, 6888681, 0
3004, 6904161, 0
3004, 6928614, 0
3004, 6935602, 0
3004, 6958893, 0
3004, 6967333, 0
3004, 6997578, 0
3004, 7012589, 0
3004, 7028327, 0
3004, 7036164, 0
3004, 7067667, 0
3004, 7067027, 0
3004, 7105203, 0
3004, 7128192, 0
3004, 7129089, 0
3004, 7137236, 0
3004, 7152384, 0
3004, 7176170, 0
3004, 7183515, 0
3004, 7207029, 0
3004, 7216266, 0
3004, 7249442, 0
3004, 7253060, 0
3004, 7262174, 0
3004, 7307308, 0
3004, 7314996, 0
3004, 7330689, 0
3004, 7346793, 0
3004, 7369360, 0
3004, 7378219, 0
3004, 7399189, 0
3004, 7401667, 0
3004, 7431448, 0
3004, 7448791, 0
3004, 7477361, 0
3004, 7477577, 0
3004, 7501899, 0
3004, 7516810, 0
3004, 7539954, 0
3004, 7548561, 0
3004, 7571028, 0
3004, 7586432, 0
3004, 7594357, 0
3004, 7624947, 0
3004, 7619900, 0
3004, 7648127, 0
3004, 7657366, 0
3004, 7710565, 0
3004, 7718728, 0
3004, 7711620, 0
3004, 7734259, 0
3004, 7726122, 0
3004, 7773310, 0
3004, 7773442, 0
3004, 7803483, 0
3004, 7803117, 0
3004, 7835554, 0
3004, 7841905, 0
3004, 7874081, 0
3004, 7867769, 0
3004, 7904628, 0
3004, 7921906, 0
3004, 7959272, 0
3004, 7959424, 0
3004, 7973701, 0
3004, 7983039, 0
3004, 8012771, 0
3004, 8022127, 0
3004, 8043837, 0
3004, 8068483, 0
3004, 8046006, 0
3004, 8090851, 0
3004, 8122876, 0
3004, 8114556, 0
3004, 8160548, 0
3004, 8145052, 0
3004, 8145568, 0
3004, 8177485, 0
3004, 8184207, 0
3004, 8215364, 0
3004, 8231751, 0
3004, 8263352, 0
3004, 8269729, 0
3004, 8285719, 0
3004, 8316257, 0
3004, 8316347, 0
3004, 8317745, 0
3004, 8362964, 0
3004, 8363890, 0
3004, 8379312, 0
3004, 8416514, 0
3004, 8409756, 0
3004, 8438715, 0
3004, 8433342, 0
3004, 8463502, 0
3004, 8464092, 0
3004, 8495896, 0
3004, 8502422, 0
3004, 8518661, 0
3004, 8534006, 0
3004, 8556921, 0
3004, 8564781, 0
3004, 8602720, 0
3004, 8641874, 0
3004, 8649286, 0
3004, 8657787, 0
3004, 8680678, 0
3004, 8861021, 0
3004, 9049415, 0
3004, 9589985, 0
3004, 10319037, 0
3004, 10672431, 0
3004, 11941748, 0
3004, 12310606, 0
3004, 12144761, 0
3004, 13947734, 0
3004, 15029959, 0
3004, 16292435, 0
3004, 17223115, 0
3004, 12001121, 0
3004, 7117595, 0
3004, 4474108, 0
3004, 3880378, 0
3004, 3090549, 0
3004, 2269648, 0
3004, 2222542, 0
3004, 2097808, 0
3004, 1815821, 0
3004, 1724739, 0
3004, 1434352, 0
3004, 1548423, 0
3004, 1067192, 0
3004, 1322430, 0
3004, 1399852, 0
3004, 1100223, 0
3004, 1076569, 0
3004, 1153739, 0
3004, 1224246, 0
3004, 1193592, 0
3004, 841018, 0
3004, 1072399, 0
3004, 826858, 0
3004, 964689, 0
3004, 985478, 0
3004, 960662, 0
3004, 966086, 0
3004, 811767, 0
3004, 810662, 0
3004, 806860, 0
3004, 888556, 0
3004, 719387, 0
3004, 790779, 0
3004, 690705, 0
3004, 710196, 0
3004, 666768, 0
3004, 705451, 0
3004, 667005, 0
3004, 690784, 0
3004, 657728, 0
3004, 692069, 0
3004, 647585, 0
3004, 658124, 0
3004, 631338, 0
3004, 640724, 0
3004, 628643, 0
3004, 644099, 0
3004, 636477, 0
3004, 645074, 0
3004, 651495, 0
3004, 651736, 0
3004, 659432, 0
3004, 659248, 0
3004, 673646, 0
3004, 698905, 0
3004, 674951, 0
3004, 682890, 0
3004, 690212, 0
3004, 690448, 0
3004, 728912, 0
3004, 698420, 0
3004, 713900, 0
3004, 713979, 0
3004, 736588, 0
3004, 721402, 0
3004, 806713, 0
3004, 729467, 0
3004, 783666, 0
3004, 876524, 0
3004, 896098, 0
3004, 821956, 0
3004, 876652, 0
3004, 760846, 0
3004, 854367, 0
3004, 899713, 0
3004, 892046, 0
3004, 915648, 0
3004, 938690, 0
3004, 938065, 0
3004, 938757, 0
3004, 907551, 0
3004, 953922, 0
3004, 954109, 0
3004, 954107, 0
3004, 977361, 0
3004, 962534, 0
3004, 985326, 0
3004, 992802, 0
3004, 999482, 0
3004, 1000539, 0
3004, 1008236, 0
3004, 1015258, 0
3004, 1023384, 0
3004, 1023953, 0
3004, 1023871, 0
3004, 1031707, 0
3004, 1031820, 0
3004, 1087490, 0
3004, 1046580, 0
3004, 1110276, 0
3004, 1054495, 0
3004, 1133732, 0
3004, 1062560, 0
3004, 1164075, 0
3004, 1077883, 0
3004, 1187624, 0
3004, 1147677, 0
3004, 1209366, 0
3004, 1132421, 0
3004, 1202617, 0
3004, 1156140, 0
3004, 1211316, 0
3004, 1233621, 0
3004, 1225971, 0
3004, 1194074, 0
3004, 1241536, 0
3004, 1256903, 0
3004, 1288189, 0
3004, 1295127, 0
3004, 1257349, 0
3004, 1302687, 0
3004, 1218423, 0
3004, 1310227, 0
3004, 1280006, 0
3004, 1333925, 0
3004, 1280935, 0
3004, 1349409, 0
3004, 1257200, 0
3004, 1364579, 0
3004, 1310981, 0
3004, 1310842, 0
3004, 1334716, 0
3004, 1372885, 0
3004, 1335370, 0
3004, 1387477, 0
3004, 1374332, 0
3004, 1381546, 0
3004, 1396791, 0
3004, 1410974, 0
3004, 1419542, 0
3004, 1435277, 0
3004, 1434763, 0
3004, 1452063, 0
3004, 1435937, 0
3004, 1473692, 0
3004, 1450712, 0
3004, 1497769, 0
3004, 1505724, 0
3004, 1520654, 0
3004, 1532354, 0
3004, 1535628, 0
3004, 1512673, 0
3004, 1558749, 0
3004, 1527985, 0
3004, 1590707, 0
3004, 1528715, 0
3004, 1582743, 0
3004, 1535740, 0
3004, 1606399, 0
3004, 1575550, 0
3004, 1590039, 0
3004, 1590117, 0
3004, 1635158, 0
3004, 1558919, 0
3004, 1645340, 0
3004, 1574193, 0
3004, 1636495, 0
3004, 1597735, 0
3004, 1652542, 0
3004, 1629627, 0
3004, 1713931, 0
3004, 1637060, 0
3004, 1660317, 0
3004, 1652661, 0
3004, 1683677, 0
3004, 1699492, 0
3004, 1699658, 0
3004, 1714745, 0
3004, 1722974, 0
3004, 1738290, 0
3004, 1746244, 0
3004, 1769191, 0
3004, 1776244, 0
3004, 1784856, 0
3004, 1792271, 0
3004, 1807078, 0
3004, 1815466, 0
3004, 1815407, 0
3004, 1837952, 0
3004, 1831015, 0
3004, 1838034, 0
3004, 1839368, 0
3004, 1884741, 0
3004, 1854642, 0
3004, 1892952, 0
3004, 1861637, 0
3004, 1870165, 0
3004, 1884522, 0
3004, 1923914, 0
3004, 1916150, 0
3004, 1931230, 0
3004, 1941873, 0
3004, 1916672, 0
3004, 1908359, 0
3004, 1915853, 0
3004, 1932299, 0
3004, 1939538, 0
3004, 1993727, 0
3004, 1939273, 0
3004, 2016887, 0
3004, 1985924, 0
3004, 2023997, 0
3004, 1992730, 0
3004, 2062809, 0
3004, 2007990, 0
3004, 2063968, 0
3004, 2055719, 0
3004, 2086740, 0
3004, 2071219, 0
3004, 2109961, 0
3004, 2086727, 0
3004, 2117601, 0
3004, 2125892, 0
3004, 2125754, 0
3004, 2133243, 0
3004, 2140817, 0
3004, 2148643, 0
3004, 2164265, 0
3004, 2164455, 0
3004, 2172610, 0
3004, 2179920, 0
3004, 2180223, 0
3004, 2195341, 0
3004, 2202984, 0
3004, 2195542, 0
3004, 2224077, 0
3004, 2218532, 0
3004, 2257094, 0
3004, 2226337, 0
3004, 2242240, 0
3004, 2234132, 0
3004, 2273124, 0
3004, 2249330, 0
3004, 2320140, 0
3004, 2258194, 0
3004, 2334598, 0
3004, 2281472, 0
3004, 2350244, 0
3004, 2288469, 0
3004, 2389213, 0
3004, 2297170, 0
3004, 2365218, 0
3004, 2380835, 0
3004, 2402368, 0
3004, 2343879, 0
3004, 2421023, 0
3004, 2435689, 0
3004, 2404776, 0
3004, 2450899, 0
3004, 2419913, 0
3004, 2458453, 0
3004, 2428141, 0
3004, 2474616, 0
3004, 2466524, 0
3004, 2482986, 0
3004, 2474678, 0
3004, 2498303, 0
3004, 2474979, 0
3004, 2513691, 0
3004, 2505527, 0
3004, 2522056, 0
3004, 2507752, 0
3004, 2544309, 0
3004, 2537261, 0
3004, 2559239, 0
3004, 2553279, 0
3004, 2568703, 0
3004, 2568293, 0
3004, 2590545, 0
3004, 2599339, 0
3004, 2599153, 0
3004, 2615028, 0
3004, 2614663, 0
3004, 2653264, 0
3004, 2629980, 0
3004, 2645140, 0
3004, 2653240, 0
3004, 2653611, 0
3004, 2684456, 0
3004, 2680663, 0
3004, 2686186, 0
3004, 2683331, 0
3004, 2708347, 0
3004, 2692846, 0
3004, 2746303, 0
3004, 2739570, 0
3004, 2723206, 0
3004, 2762162, 0
3004, 2753391, 0
3004, 2762178, 0
3004, 2785889, 0
3004, 2769318, 0
3004, 2800020, 0
3004, 2747701, 0
3004, 2822843, 0
3004, 2785745, 0
3004, 2831358, 0
3004, 2808477, 0
3004, 2846785, 0
3004, 2802572, 0
3004, 2874378, 0
3004, 2840613, 0
3004, 2870646, 0
3004, 2848500, 0
3004, 2886211, 0
3004, 2870672, 0
3004, 2908387, 0
3004, 2908950, 0
3004, 2924277, 0
3004, 2925453, 0
3004, 2933328, 0
3004, 2941012, 0
3004, 2955624, 0
3004, 2971271, 0
3004, 2979205, 0
3004, 2987033, 0
3004, 2987505, 0
3004, 2987331, 0
3004, 2986765, 0
3004, 3003099, 0
3004, 3033848, 0
3004, 3024819, 0
3004, 3041869, 0
3004, 3032897, 0
3004, 3064987, 0
3004, 3057023, 0
3004, 3072322, 0
3004, 3057861, 0
3004, 3079974, 0
3004, 3071755, 0
3004, 3111530, 0
3004, 3096053, 0
3004, 3141736, 0
3004, 3110609, 0
3004, 3104948, 0
3004, 3126624, 0
3004, 3135416, 0
3004, 3149092, 0
3004, 3165241, 0
3004, 3165871, 0
3004, 3172925, 0
3004, 3180255, 0
3004, 3182710, 0
3004, 3212013, 0
3004, 3211883, 0
3004, 3226532, 0
3004, 3219114, 0
3004, 3243306, 0
3004, 3236227, 0
3004, 3258221, 0
3004, 3251206, 0
3004, 3282046, 0
3004, 3273546, 0
3004, 3304902, 0
3004, 3304517, 0
3004, 3320443, 0
3004, 3319767, 0
3004, 3335753, 0
3004, 3344752, 0
3004, 3351409, 0
3004, 3343707, 0
3004, 3367200, 0
3004, 3374041, 0
3004, 3390513, 0
3004, 3368065, 0
3004, 3390245, 0
3004, 3400487, 0
3004, 3421654, 0
3004, 3412670, 0
3004, 3429889, 0
3004, 3422304, 0
3004, 3436744, 0
3004, 3452158, 0
3004, 3484320, 0
3004, 3445979, 0
3004, 3490965, 0
3004, 3483339, 0
3004, 3506503, 0
3004, 3475457, 0
3004, 3523129, 0
3004, 3499799, 0
3004, 3546000, 0
3004, 3514107, 0
3004, 3545818, 0
3004, 3538101, 0
3004, 3568528, 0
3004, 3560462, 0
3004, 3606753, 0
3004, 3583553, 0
3004, 3615685, 0
3004, 3592216, 0
3004, 3629882, 0
3004, 3622867, 0
3004, 3653746, 0
3004, 3661647, 0
3004, 3662165, 0
3004, 3676587, 0
3004, 3662187, 0
3004, 3661108, 0
3004, 3700316, 0
3004, 3700507, 0
3004, 3700384, 0
3004, 3715943, 0
3004, 3715395, 0
3004, 3708565, 0
3004, 3747955, 0
3004, 3747349, 0
3004, 3752995, 0
3004, 3747115, 0
3004, 3763086, 0
3004, 3763551, 0
3004, 3786088, 0
3004, 3787290, 0
3004, 3809945, 0
3004, 3794444, 0
3004, 3825219, 0
3004, 3825638, 0
3004, 3833357, 0
3004, 3840988, 0
3004, 3863121, 0
3004, 3832551, 0
3004, 3878886, 0
3004, 3863078, 0
3004, 3887214, 0
3004, 3879919, 0
3004, 3910871, 0
3004, 3917997, 0
3004, 3940398, 0
3004, 3910806, 0
3004, 3948750, 0
3004, 3963528, 0
3004, 3956912, 0
3004, 3963976, 0
3004, 3965841, 0
3004, 3979758, 0
3004, 3994627, 0
3004, 4009929, 0
3004, 4003529, 0
3004, 4033877, 0
3004, 4018436, 0
3004, 4041899, 0
3004, 4056929, 0
3004, 4042251, 0
3004, 4049951, 0
3004, 4057252, 0
3004, 4051730, 0
3004, 4050696, 0
3004, 4073899, 0
3004, 4095800, 0
3004, 4103711, 0
3004, 4120229, 0
3004, 4126923, 0
3004, 4119937, 0
3004, 4143175, 0
3004, 4219048, 0
3004, 4316203, 0
3004, 4413364, 0
3004, 4592780, 0
3004, 4503464, 0
3004, 4781940, 0
3004, 4683623, 0
3004, 5120928, 0
3004, 5232325, 0
3004, 5669615, 0
3004, 5322705, 0
3004, 5585808, 0
3004, 5864315, 0
3004, 5863253, 0
3004, 6307563, 0
3004, 6585147, 0
3004, 6411945, 0
3004, 6502032, 0
3004, 7230347, 0
3004, 7402463, 0
3004, 7771780, 0
3004, 7667230, 0
3004, 8598600, 0
3004, 8381965, 0
3004, 8582981, 0
3004, 8486423, 0
3004, 9666245, 0
3004, 10200749, 0
3004, 9763641, 0
3004, 11123926, 0
3004, 11741179, 0
3004, 12581047, 0
3004, 12588528, 0
3004, 14717288, 0
3004, 16264666, 0
3004, 17999857, 0
3004, 12461532, 0
3004, 6009240, 0
3004, 4470825, 0
3004, 3645532, 0
3004, 3193594, 0
3004, 2608103, 0
3004, 2217290, 0
3004, 1960856, 0
3004, 1851964, 0
3004, 1942358, 0
3004, 1644043, 0
3004, 1509582, 0
3004, 1418579, 0
3004, 1375218, 0
3004, 1269613, 0
3004, 1283220, 0
3004, 1264892, 0
3004, 1238498, 0
3004, 1232605, 0
3004, 1221313, 0
3004, 1094902, 0
3004, 1018531, 0
3004, 1013532, 0
3004, 819911, 0
3004, 974526, 0
3004, 883816, 0
3004, 804835, 0
3004, 823725, 0
3004, 802156, 0
3004, 787792, 0
3004, 768629, 0
3004, 768862, 0
3004, 754157, 0
3004, 729636, 0
3004, 730284, 0
3004, 731845, 0
3004, 666658, 0
3004, 664657, 0
3004, 661985, 0
3004, 682025, 0
3004, 652301, 0
3004, 677718, 0
3004, 643019, 0
3004, 638199, 0
3004, 639797, 0
3004, 628354, 0
3004, 635460, 0
3004, 644010, 0
3004, 643162, 0
3004, 651719, 0
3004, 651761, 0
3004, 658844, 0
3004, 667149, 0
3004, 745342, 0
3004, 674077, 0
3004, 697693, 0
3004, 744708, 0
3004, 798259, 0
3004, 689877, 0
3004, 753119, 0
3004, 799108, 0
3004, 784699, 0
3004, 775783, 0
3004, 853197, 0
3004, 822125, 0
3004, 829200, 0
3004, 814284, 0
3004, 860798, 0
3004, 853240, 0
3004, 884133, 0
3004, 884076, 0
3004, 854423, 0
3004, 907597, 0
3004, 899735, 0
3004, 899591, 0
3004, 915256, 0
3004, 924710, 0
3004, 876790, 0
3004, 930911, 0
3004, 934508, 0
3004, 946273, 0
3004, 954093, 0
3004, 961267, 0
3004, 946388, 0
3004, 915334, 0
3004, 964695, 0
3004, 977421, 0
3004, 992614, 0
3004, 1000283, 0
3004, 993307, 0
3004, 1008250, 0
3004, 1009658, 0
3004, 1016010, 0
3004, 1040426, 0
3004, 1062629, 0
3004, 1064400, 0
3004, 1047117, 0
3004, 1087134, 0
3004, 1063105, 0
3004, 1109939, 0
3004, 1133174, 0
3004, 1141071, 0
3004, 1093973, 0
3004, 1141641, 0
3004, 1140507, 0
3004, 1180437, 0
3004, 1203142, 0
3004, 1217726, 0
3004, 1163360, 0
3004, 1180361, 0
3004, 1234055, 0
3004, 1172091, 0
3004, 1195745, 0
3004, 1163282, 0
3004, 1256687, 0
3004, 1203678, 0
3004, 1257816, 0
3004, 1219157, 0
3004, 1217995, 0
3004, 1241225, 0
3004, 1249636, 0
3004, 1203557, 0
3004, 1311290, 0
3004, 1257196, 0
3004, 1257749, 0
3004, 1271342, 0
3004, 1319701, 0
3004, 1248778, 0
3004, 1303707, 0
3004, 1303701, 0
3004, 1303706, 0
3004, 1312023, 0
3004, 1319063, 0
3004, 1350042, 0
3004, 1350241, 0
3004, 1381625, 0
3004, 1381879, 0
3004, 1404753, 0
3004, 1412775, 0
3004, 1427812, 0
3004, 1428675, 0
3004, 1450418, 0
3004, 1435942, 0
3004, 1458792, 0
3004, 1474882, 0
3004, 1450917, 0
3004, 1482469, 0
3004, 1486238, 0
3004, 1482212, 0
3004, 1497617, 0
3004, 1506140, 0
3004, 1489773, 0
3004, 1520327, 0
3004, 1512474, 0
3004, 1519670, 0
3004, 1527992, 0
3004, 1559187, 0
3004, 1520353, 0
3004, 1574156, 0
3004, 1542874, 0
3004, 1543452, 0
3004, 1543407, 0
3004, 1575802, 0
3004, 1550830, 0
3004, 1612948, 0
3004, 1598042, 0
3004, 1605782, 0
3004, 1636331, 0
3004, 1601954, 0
3004, 1653068, 0
3004, 1644706, 0
3004, 1668475, 0
3004, 1683443, 0
3004, 1668378, 0
3004, 1698432, 0
3004, 1722331, 0
3004, 1698769, 0
3004, 1745543, 0
3004, 1745478, 0
3004, 1760480, 0
3004, 1746121, 0
3004, 1776705, 0
3004, 1777173, 0
3004, 1784430, 0
3004, 1792234, 0
3004, 1800359, 0
3004, 1808105, 0
3004, 1815215, 0
3004, 1823002, 0
3004, 1823502, 0
3004, 1823556, 0
3004, 1866247, 0
3004, 1846397, 0
3004, 1868899, 0
3004, 1868963, 0
3004, 1861396, 0
3004, 1869722, 0
3004, 1877895, 0
3004, 1884524, 0
3004, 1939230, 0
3004, 1900375, 0
3004, 1912724, 0
3004, 1954736, 0
3004, 1946980, 0
3004, 1939340, 0
3004, 1962537, 0
3004, 1994138, 0
3004, 1986564, 0
3004, 1977610, 0
3004, 2024014, 0
3004, 2009004, 0
3004, 2055159, 0
3004, 1993609, 0
3004, 2063433, 0
3004, 2047208, 0
3004, 2078407, 0
3004, 2071705, 0
3004, 2070590, 0
3004, 2094664, 0
3004, 2102237, 0
3004, 2117345, 0
3004, 2117142, 0
3004, 2117333, 0
3004, 2140983, 0
3004, 2132732, 0
3004, 2140777, 0
3004, 2156000, 0
3004, 2164427, 0
3004, 2172104, 0
3004, 2179181, 0
3004, 2179345, 0
3004, 2188603, 0
3004, 2195310, 0
3004, 2200845, 0
3004, 2218478, 0
3004, 2210631, 0
3004, 2226531, 0
3004, 2257804, 0
3004, 2239981, 0
3004, 2249958, 0
3004, 2273484, 0
3004, 2296721, 0
3004, 2273508, 0
3004, 2327400, 0
3004, 2326573, 0
3004, 2343104, 0
3004, 2358091, 0
3004, 2358148, 0
3004, 2373169, 0
3004, 2366780, 0
3004, 2396316, 0
3004, 2389362, 0
3004, 2397133, 0
3004, 2404808, 0
3004, 2428004, 0
3004, 2382795, 0
3004, 2434857, 0
3004, 2428651, 0
3004, 2435703, 0
3004, 2435845, 0
3004, 2467379, 0
3004, 2412723, 0
3004, 2475119, 0
3004, 2436960, 0
3004, 2449281, 0
3004, 2444758, 0
3004, 2468767, 0
3004, 2451772, 0
3004, 2505523, 0
3004, 2490495, 0
3004, 2498442, 0
3004, 2513318, 0
3004, 2522709, 0
3004, 2530644, 0
3004, 2545816, 0
3004, 2567697, 0
3004, 2568695, 0
3004, 2586841, 0
3004, 2583599, 0
3004, 2599510, 0
3004, 2612967, 0
3004, 2622384, 0
3004, 2629351, 0
3004, 2637542, 0
3004, 2653098, 0
3004, 2645437, 0
3004, 2676054, 0
3004, 2661667, 0
3004, 2692224, 0
3004, 2661926, 0
3004, 2693747, 0
3004, 2683733, 0
3004, 2715030, 0
3004, 2699545, 0
3004, 2715629, 0
3004, 2716594, 0
3004, 2745397, 0
3004, 2699374, 0
3004, 2784804, 0
3004, 2760745, 0
3004, 2753735, 0
3004, 2753621, 0
3004, 2769220, 0
3004, 2753712, 0
3004, 2792701, 0
3004, 2763327, 0
3004, 2785385, 0
3004, 2793792, 0
3004, 2822908, 0
3004, 2809660, 0
3004, 2839389, 0
3004, 2833493, 0
3004, 2840235, 0
3004, 2848190, 0
3004, 2863464, 0
3004, 2889150, 0
3004, 2893988, 0
3004, 2908791, 0
3004, 2910099, 0
3004, 2932081, 0
3004, 2948082, 0
3004, 2947980, 0
3004, 2956507, 0
3004, 2959128, 0
3004, 2971901, 0
3004, 2979905, 0
3004, 2988071, 0
3004, 2986920, 0
3004, 3001865, 0
3004, 3002266, 0
3004, 3001978, 0
3004, 3010795, 0
3004, 3026220, 0
3004, 3041129, 0
3004, 3048170, 0
3004, 3037097, 0
3004, 3049038, 0
3004, 3072010, 0
3004, 3087268, 0
3004, 3103136, 0
3004, 3103832, 0
3004, 3095471, 0
3004, 3087865, 0
3004, 3107227, 0
3004, 3111040, 0
3004, 3119974, 0
3004, 3135377, 0
3004, 3180579, 0
3004, 3149698, 0
3004, 3172475, 0
3004, 3157435, 0
3004, 3188054, 0
3004, 3173371, 0
3004, 3203465, 0
3004, 3219370, 0
3004, 3234589, 0
3004, 3234246, 0
3004, 3243325, 0
3004, 3257649, 0
3004, 3273784, 0
3004, 3274309, 0
3004, 3289373, 0
3004, 3297057, 0
3004, 3304178, 0
3004, 3289833, 0
3004, 3319566, 0
3004, 3327642, 0
3004, 3335198, 0
3004, 3345327, 0
3004, 3366681, 0
3004, 3359006, 0
3004, 3360156, 0
3004, 3366825, 0
3004, 3376290, 0
3004, 3390440, 0
3004, 3405574, 0
3004, 3397878, 0
3004, 3407242, 0
3004, 3419464, 0
3004, 3437276, 0
3004, 3445534, 0
3004, 3453324, 0
3004, 3467388, 0
3004, 3467734, 0
3004, 3469029, 0
3004, 3491505, 0
3004, 3498594, 0
3004, 3507086, 0
3004, 3506462, 0
3004, 3536822, 0
3004, 3536760, 0
3004, 3543789, 0
3004, 3561465, 0
3004, 3560892, 0
3004, 3567825, 0
3004, 3568469, 0
3004, 3591007, 0
3004, 3591694, 0
3004, 3599152, 0
3004, 3606709, 0
3004, 3623344, 0
3004, 3614330, 0
3004, 3631297, 0
3004, 3631154, 0
3004, 3630089, 0
3004, 3639959, 0
3004, 3653956, 0
3004, 3655562, 0
3004, 3677166, 0
3004, 3685583, 0
3004, 3692960, 0
3004, 3693606, 0
3004, 3708357, 0
3004, 3716925, 0
3004, 3724251, 0
3004, 3724015, 0
3004, 3747316, 0
3004, 3755124, 0
3004, 3763997, 0
3004, 3755819, 0
3004, 3777674, 0
3004, 3793874, 0
3004, 3794372, 0
3004, 3802738, 0
3004, 3809422, 0
3004, 3817903, 0
3004, 3819364, 0
3004, 3841307, 0
3004, 3848646, 0
3004, 3863314, 0
3004, 3862371, 0
3004, 3856299, 0
3004, 3880591, 0
3004, 3895154, 0
3004, 3909855, 0
3004, 3911665, 0
3004, 3925393, 0
3004, 3910211, 0
3004, 3925590, 0
3004, 3926465, 0
3004, 3940810, 0
3004, 3956401, 0
3004, 3971777, 0
3004, 3949362, 0
3004, 3972071, 0
3004, 3973032, 0
3004, 3988599, 0
3004, 3989254, 0
3004, 4013204, 0
3004, 3989015, 0
3004, 4027451, 0
3004, 4019389, 0
3004, 4041607, 0
3004, 4042307, 0
3004, 4058313, 0
3004, 4050563, 0
3004, 4073626, 0
3004, 4073819, 0
3004, 4088625, 0
3004, 4104256, 0
3004, 4098855, 0
3004, 4112522, 0
3004, 4128128, 0
3004, 4128072, 0
3004, 4142966, 0
3004, 4150162, 0
3004, 4413464, 0
3004, 4503416, 0
3004, 4508822, 0
3004, 4766610, 0
3004, 4962261, 0
3004, 5315380, 0
3004, 4961044, 0
3004, 4956013, 0
3004, 5420559, 0
3004, 5308251, 0
3004, 5654441, 0
3004, 5502575, 0
3004, 5954295, 0
3004, 6286065, 0
3004, 6405032, 0
3004, 6224777, 0
3004, 7112301, 0
3004, 6502166, 0
3004, 7112569, 0
3004, 7396789, 0
3004, 8043241, 0
3004, 8140615, 0
3004, 7674559, 0
3004, 8931283, 0
3004, 9320023, 0
3004, 9582842, 0
3004, 10305066, 0
3004, 10672683, 0
3004, 11485003, 0
3004, 12671485, 0
3004, 13211904, 0
3004, 13842794, 0
3004, 16015431, 0
3004, 19609495, 0
