5000, 536870912, 80
5000, 536870916, 23
5000, 536870920, 23
5000, 536870924, 180000000
5000, 536870928, 1
5000, 536870932, 15
5000, 536870936, 8156
5000, 536870940, 0
5000, 536870944, 1073872896
5000, 536870948, 12288
5000, 536870952, 4096
5000, 536870956, 1073879040
5000, 536870960, 1073879040
5000, 536870964, 0
5000, 536870968, 0
5000, 536870972, 0
5000, 536870976, 0
5000, 536870980, 536870912
5000, 536870984, 0
5000, 536870988, 1000
5000, 536870992, 500
5000, 536870996, 4294967295
5000, 536871000, 4294967295
5000, 536871004, 4294967295
5000, 536871008, 0
5000, 536871012, 0
5000, 536871016, 1073811456
5000, 536871020, 115200
5000, 536871024, 0
5000, 536871028, 0
5000, 536871032, 0
5000, 536871036, 12
5000, 536871040, 0
5000, 536871044, 0
5000, 536871048, 0
5000, 536871052, 1
5000, 536871056, 0
5000, 536871060, 1
5000, 536871064, 0
5000, 536871068, 0
5000, 536871072, 0
5000, 536871076, 2105344
5000, 536871080, 0
5000, 536871084, 1734307942
5000, 536871088, 1394634341
5000, 536871092, 842222932
5000, 536871096, 808792352
5000, 536871100, 807416112
5000, 536871104, 667680
5000, 536871108, 0
5000, 536871112, 0
5000, 536871116, 0
5000, 536871120, 0
5000, 536871124, 0
5000, 536871128, 0
5000, 536871132, 0
5000, 536871136, 0
5000, 536871140, 0
5000, 536871144, 0
5000, 536871148, 0
5000, 536871152, 0
5000, 536871156, 0
5000, 536871160, 0
5000, 536871164, 0
5000, 536871168, 0
5000, 536871172, 0
5000, 536871176, 0
5000, 536871180, 0
5000, 536871184, 0
5000, 536871188, 0
5000, 536871192, 0
5000, 536871196, 0
5000, 536871200, 0
5000, 536871204, 0
5000, 536871208, 0
5000, 536871212, 0
5000, 536871216, 0
5000, 536871220, 0
5000, 536871224, 0
5000, 536871228, 0
5000, 536871232, 0
5000, 536871236, 0
5000, 536871240, 0
5000, 536871244, 0
5000, 536871248, 0
5000, 536871252, 0
5000, 536871256, 0
5000, 536871260, 0
5000, 536871264, 0
5000, 536871268, 0
5000, 536871272, 0
5000, 536871276, 0
5000, 536871280, 0
5000, 536871284, 0
5000, 536871288, 0
5000, 536871292, 0
5000, 536871296, 0
5000, 536871300, 0
5000, 536871304, 0
5000, 536871308, 0
5000, 536871312, 0
5000, 536871316, 0
5000, 536871320, 0
5000, 536871324, 0
5000, 536871328, 0
5000, 536871332, 0
5000, 536871336, 0
5000, 536871340, 0
5000, 536871344, 0
5000, 536871348, 0
5000, 536871352, 0
5000, 536871356, 0
5000, 536871360, 0
5000, 536871364, 0
5000, 536871368, 0
5000, 536871372, 0
5000, 536871376, 0
5000, 536871380, 0
5000, 536871384, 0
5000, 536871388, 0
5000, 536871392, 0
5000, 536871396, 0
5000, 536871400, 0
5000, 536871404, 0
5000, 536871408, 0
5000, 536871412, 0
5000, 536871416, 0
5000, 536871420, 0
5000, 536871424, 0
5000, 536871428, 0
5000, 536871432, 0
5000, 536871436, 0
5000, 536871440, 0
5000, 536871444, 0
5000, 536871448, 0
5000, 536871452, 0
5000, 536871456, 0
5000, 536871460, 0
5000, 536871464, 0
5000, 536871468, 0
5000, 536871472, 0
5000, 536871476, 0
5000, 536871480, 0
5000, 536871484, 0
5000, 536871488, 0
5000, 536871492, 0
5000, 536871496, 0
5000, 536871500, 0
5000, 536871504, 0
5000, 536871508, 0
5000, 536871512, 0
5000, 536871516, 0
5000, 536871520, 0
5000, 536871524, 0
5000, 536871528, 0
5000, 536871532, 0
5000, 536871536, 0
5000, 536871540, 0
5000, 536871544, 0
5000, 536871548, 0
5000, 536871552, 0
5000, 536871556, 0
5000, 536871560, 0
5000, 536871564, 0
5000, 536871568, 0
5000, 536871572, 0
5000, 536871576, 0
5000, 536871580, 0
5000, 536871584, 0
5000, 536871588, 0
5000, 536871592, 0
5000, 536871596, 0
5000, 536871600, 0
5000, 536871604, 0
5000, 536871608, 0
5000, 536871612, 0
5000, 536871616, 0
5000, 536871620, 0
5000, 536871624, 0
5000, 536871628, 0
5000, 536871632, 1073754112
5000, 536871636, 6
5000, 536871640, 1875
5000, 536871644, 0
5000, 536871648, 0
5000, 536871652, 0
5000, 536871656, 0
5000, 536871660, 0
5000, 536871664, 0
5000, 536871668, 0
5000, 536871672, 0
5000, 536871676, 1885741088
5000, 536871680, 1852139359
5000, 536871684, 1885741114
5000, 536871688, 1852139359
5000, 536871692, 1297371936
5000, 536871696, 539898419
5000, 536871700, 1701733703
5000, 536871704, 1702125938
5000, 536871708, 1769104928
5000, 536871712, 1919248238
5000, 536871716, 1852404336
5000, 536871720, 1633951860
5000, 536871724, 1713398132
5000, 536871728, 1931506287
5000, 536871732, 1768121712
5000, 536871736, 543385958
5000, 536871740, 1952541808
5000, 536871744, 1836216166
5000, 536871748, 667251
5000, 536871752, 0
5000, 536871756, 0
5000, 536871760, 0
5000, 536871764, 0
5000, 536871768, 0
5000, 536871772, 0
5000, 536871776, 0
5000, 536871780, 0
5000, 536871784, 0
5000, 536871788, 0
5000, 536871792, 0
5000, 536871796, 0
5000, 536871800, 0
5000, 536871804, 0
5000, 536871808, 0
5000, 536871812, 0
5000, 536871816, 0
5000, 536871820, 0
5000, 536871824, 0
5000, 536871828, 0
5000, 536871832, 0
5000, 536871836, 0
5000, 536871840, 0
5000, 536871844, 0
5000, 536871848, 0
5000, 536871852, 0
5000, 536871856, 0
5000, 536871860, 0
5000, 536871864, 0
5000, 536871868, 0
5000, 536871872, 0
5000, 536871876, 0
5000, 536871880, 0
5000, 536871884, 0
5000, 536871888, 0
5000, 536871892, 0
5000, 536871896, 0
5000, 536871900, 0
5000, 536871904, 0
5000, 536871908, 0
5000, 536871912, 0
5000, 536871916, 0
5000, 536871920, 0
5000, 536871924, 0
5000, 536871928, 0
5000, 536871932, 23
5000, 536871936, 1734307942
5000, 536871940, 1392537189
5000, 536871944, 842222932
5000, 536871948, 808792320
5000, 536871952, 805318960
5000, 536871956, 12288
5000, 536871960, 0
5000, 536871964, 0
5000, 536871968, 0
5000, 536871972, 0
5000, 536871976, 0
5000, 536871980, 0
5000, 536871984, 0
5000, 536871988, 0
5000, 536871992, 0
5000, 536871996, 0
5000, 536872000, 0
5000, 536872004, 0
5000, 536872008, 0
5000, 536872012, 0
5000, 536872016, 0
5000, 536872020, 0
5000, 536872024, 0
5000, 536872028, 0
5000, 536872032, 0
5000, 536872036, 0
5000, 536872040, 0
5000, 536872044, 0
5000, 536872048, 0
5000, 536872052, 0
5000, 536872056, 0
5000, 536872060, 0
5000, 536872064, 0
5000, 536872068, 0
5000, 536872072, 0
5000, 536872076, 0
5000, 536872080, 0
5000, 536872084, 0
5000, 536872088, 0
5000, 536872092, 0
5000, 536872096, 0
5000, 536872100, 0
5000, 536872104, 0
5000, 536872108, 0
5000, 536872112, 0
5000, 536872116, 0
5000, 536872120, 0
5000, 536872124, 0
5000, 536872128, 0
5000, 536872132, 0
5000, 536872136, 0
5000, 536872140, 0
5000, 536872144, 0
5000, 536872148, 0
5000, 536872152, 0
5000, 536872156, 0
5000, 536872160, 0
5000, 536872164, 0
5000, 536872168, 0
5000, 536872172, 0
5000, 536872176, 0
5000, 536872180, 0
5000, 536872184, 0
5000, 536872188, 0
5000, 536872192, 0
5000, 536872196, 0
5000, 536872200, 0
5000, 536872204, 0
5000, 536872208, 0
5000, 536872212, 0
5000, 536872216, 0
5000, 536872220, 0
5000, 536872224, 0
5000, 536872228, 0
5000, 536872232, 0
5000, 536872236, 0
5000, 536872240, 0
5000, 536872244, 0
5000, 536872248, 0
5000, 536872252, 0
5000, 536872256, 0
5000, 536872260, 0
5000, 536872264, 0
5000, 536872268, 0
5000, 536872272, 0
5000, 536872276, 0
5000, 536872280, 0
5000, 536872284, 0
5000, 536872288, 0
5000, 536872292, 0
5000, 536872296, 0
5000, 536872300, 0
5000, 536872304, 0
5000, 536872308, 0
5000, 536872312, 0
5000, 536872316, 0
5000, 536872320, 0
5000, 536872324, 0
5000, 536872328, 0
5000, 536872332, 0
5000, 536872336, 0
5000, 536872340, 0
5000, 536872344, 0
5000, 536872348, 0
5000, 536872352, 0
5000, 536872356, 0
5000, 536872360, 0
5000, 536872364, 0
5000, 536872368, 0
5000, 536872372, 0
5000, 536872376, 0
5000, 536872380, 0
5000, 536872384, 0
5000, 536872388, 0
5000, 536872392, 0
5000, 536872396, 0
5000, 536872400, 0
5000, 536872404, 0
5000, 536872408, 0
5000, 536872412, 0
5000, 536872416, 0
5000, 536872420, 0
5000, 536872424, 0
5000, 536872428, 0
5000, 536872432, 0
5000, 536872436, 0
5000, 536872440, 0
5000, 536872444, 0
5000, 536872448, 0
5000, 536872452, 0
5000, 536872456, 0
5000, 536872460, 0
5000, 536872464, 0
5000, 536872468, 0
5000, 536872472, 0
5000, 536872476, 0
5000, 536872480, 0
5000, 536872484, 0
5000, 536872488, 0
5000, 536872492, 0
5000, 536872496, 0
5000, 536872500, 0
5000, 536872504, 0
5000, 536872508, 0
5000, 536872512, 0
5000, 536872516, 0
5000, 536872520, 0
5000, 536872524, 0
5000, 536872528, 0
5000, 536872532, 0
5000, 536872536, 0
5000, 536872540, 0
5000, 536872544, 0
5000, 536872548, 0
5000, 536872552, 0
5000, 536872556, 0
5000, 536872560, 0
5000, 536872564, 0
5000, 536872568, 0
5000, 536872572, 0
5000, 536872576, 0
5000, 536872580, 0
5000, 536872584, 0
5000, 536872588, 0
5000, 536872592, 0
5000, 536872596, 0
5000, 536872600, 0
5000, 536872604, 0
5000, 536872608, 0
5000, 536872612, 0
5000, 536872616, 0
5000, 536872620, 0
5000, 536872624, 0
5000, 536872628, 0
5000, 536872632, 0
5000, 536872636, 0
5000, 536872640, 0
5000, 536872644, 0
5000, 536872648, 0
5000, 536872652, 0
5000, 536872656, 0
5000, 536872660, 0
5000, 536872664, 0
5000, 536872668, 0
5000, 536872672, 0
5000, 536872676, 0
5000, 536872680, 0
5000, 536872684, 0
5000, 536872688, 0
5000, 536872692, 0
5000, 536872696, 0
5000, 536872700, 0
5000, 536872704, 0
5000, 536872708, 0
5000, 536872712, 0
5000, 536872716, 0
5000, 536872720, 0
5000, 536872724, 0
5000, 536872728, 0
5000, 536872732, 0
5000, 536872736, 0
5000, 536872740, 0
5000, 536872744, 0
5000, 536872748, 0
5000, 536872752, 0
5000, 536872756, 0
5000, 536872760, 0
5000, 536872764, 0
5000, 536872768, 0
5000, 536872772, 0
5000, 536872776, 0
5000, 536872780, 0
5000, 536872784, 0
5000, 536872788, 0
5000, 536872792, 0
5000, 536872796, 0
5000, 536872800, 0
5000, 536872804, 0
5000, 536872808, 0
5000, 536872812, 0
5000, 536872816, 0
5000, 536872820, 0
5000, 536872824, 0
5000, 536872828, 0
5000, 536872832, 0
5000, 536872836, 0
5000, 536872840, 0
5000, 536872844, 0
5000, 536872848, 0
5000, 536872852, 0
5000, 536872856, 0
5000, 536872860, 0
5000, 536872864, 0
5000, 536872868, 0
5000, 536872872, 0
5000, 536872876, 0
5000, 536872880, 0
5000, 536872884, 0
5000, 536872888, 64
5000, 536872892, 64
5000, 536872896, 0
5000, 536872900, 8811
5000, 536872904, 10
5000, 536872908, 134230047
5000, 536872912, 134230108
5000, 536872916, 16777216
5000, 536872920, 536871016
5000, 536872924, 0
5000, 536872928, 536872977
5000, 536872932, 65535
5000, 536872936, 0
5000, 536872940, 134228529
5000, 536872944, 65535
5000, 536872948, 12
5000, 536872952, 11
5000, 536872956, 536873016
5000, 536872960, 2
5000, 536872964, 0
5000, 536872968, 5
5000, 536872972, 134240745
5000, 536872976, 8
5000, 536872980, 134240879
5000, 536872984, 12
5000, 536872988, 536872984
5000, 536872992, 0
5000, 536872996, 10000
5000, 536873000, 536870912
5000, 536873004, 134239997
5000, 536873008, 536873128
5000, 536873012, 134236567
5000, 536873016, 5000
5000, 536873020, 536873016
5000, 536873024, 536873016
5000, 536873028, 536873128
5000, 536873032, 5
5000, 536873036, 5001
5000, 536873040, 1
5000, 536873044, 536873128
5000, 536873048, 5
5000, 536873052, 0
5000, 536873056, 0
5000, 536873060, 134237239
5000, 536873064, 0
5000, 536873068, 134241280
5000, 536873072, 5001
5000, 536873076, 134235009
5000, 536873080, 536873128
5000, 536873084, 5
5000, 536873088, 0
5000, 536873092, 536873128
5000, 536873096, 0
5000, 536873100, 0
5000, 536873104, 0
5000, 536873108, 134240609
5000, 536873112, 536871932
5000, 536873116, 23
5000, 536873120, 0
5000, 536873124, 134240379
5000, 536873128, 536871936
5000, 536873132, 536871943
5000, 536873136, 134237240
5000, 536873140, 134237240
5000, 536873144, 134237244
5000, 536873148, 0
5000, 536873152, 0
5000, 536873156, 0
5000, 536873160, 0
5000, 536873164, 134240745
5000, 536873168, 10
5000, 536873172, 536870984
5000, 536873176, 134241424
5000, 536873180, 0
5000, 536873184, 0
5000, 536873188, 134239937
5000, 536873192, 134241424
5000, 536873196, 134237427
5000, 536873200, 134241424
5000, 536873204, 134219773
5000, 536873208, 4089757177
5000, 536873212, 1441097745
5000, 536873216, 3581809320
5000, 536873220, 276022239
5000, 536873224, 728075530
5000, 536873228, 763631232
5000, 536873232, 804338406
5000, 536873236, 221249694
5000, 536873240, 3222581862
5000, 536873244, 594348006
5000, 536873248, 3305078346
5000, 536873252, 3408449848
5000, 536873256, 368459743
5000, 536873260, 2353568035
5000, 536873264, 3068728565
5000, 536873268, 1745873465
5000, 536873272, 2134338520
5000, 536873276, 3886089314
5000, 536873280, 1004906503
5000, 536873284, 3024471726
5000, 536873288, 1941695295
5000, 536873292, 220647755
5000, 536873296, 452918005
5000, 536873300, 4323739
5000, 536873304, 239631095
5000, 536873308, 3513228906
5000, 536873312, 778279036
5000, 536873316, 82863665
5000, 536873320, 1761408267
5000, 536873324, 2265540408
5000, 536873328, 2921446550
5000, 536873332, 3487113887
5000, 536873336, 4273928224
5000, 536873340, 2311653128
5000, 536873344, 2815045828
5000, 536873348, 264526509
5000, 536873352, 1984170831
5000, 536873356, 2315876554
5000, 536873360, 502732165
5000, 536873364, 2000705905
5000, 536873368, 1410436076
5000, 536873372, 326435681
5000, 536873376, 1101050403
5000, 536873380, 3274720392
5000, 536873384, 3919927313
5000, 536873388, 2191690856
5000, 536873392, 3468106068
5000, 536873396, 319351196
5000, 536873400, 3119643006
5000, 536873404, 3566028373
5000, 536873408, 3229705844
5000, 536873412, 3199156881
5000, 536873416, 827200219
5000, 536873420, 2028511236
5000, 536873424, 3357681990
5000, 536873428, 1518460396
5000, 536873432, 284171508
5000, 536873436, 1230664344
5000, 536873440, 3984307785
5000, 536873444, 2798362507
5000, 536873448, 1415853618
5000, 536873452, 2192188976
5000, 536873456, 2880706405
5000, 536873460, 2155975111
5000, 536873464, 3892161515
5000, 536873468, 2559410490
5000, 536873472, 2931416861
5000, 536873476, 3308289417
5000, 536873480, 4165637275
5000, 536873484, 1717970820
5000, 536873488, 3140419502
5000, 536873492, 3874970245
5000, 536873496, 3539265666
5000, 536873500, 3241633757
5000, 536873504, 1742370561
5000, 536873508, 349413427
5000, 536873512, 3651318804
5000, 536873516, 942458663
5000, 536873520, 2684179414
5000, 536873524, 3655468462
5000, 536873528, 3448607888
5000, 536873532, 1831202770
5000, 536873536, 3836001102
5000, 536873540, 2147518364
5000, 536873544, 1582274771
5000, 536873548, 2688210331
5000, 536873552, 4184566153
5000, 536873556, 138920034
5000, 536873560, 3303165186
5000, 536873564, 1575166024
5000, 536873568, 2374048744
5000, 536873572, 511707379
5000, 536873576, 454743867
5000, 536873580, 2892156188
5000, 536873584, 3039587937
5000, 536873588, 1438358031
5000, 536873592, 4002785269
5000, 536873596, 274351299
5000, 536873600, 1399562309
5000, 536873604, 672837832
5000, 536873608, 1802180854
5000, 536873612, 1748121715
5000, 536873616, 3757175792
5000, 536873620, 1249160038
5000, 536873624, 2424298386
5000, 536873628, 1171565467
5000, 536873632, 2413097270
5000, 536873636, 1430745124
5000, 536873640, 1557445508
5000, 536873644, 1181620030
5000, 536873648, 2800118588
5000, 536873652, 696346880
5000, 536873656, 2846630574
5000, 536873660, 2429101010
5000, 536873664, 1230110139
5000, 536873668, 1709573050
5000, 536873672, 3213882454
5000, 536873676, 855662392
5000, 536873680, 3437213949
5000, 536873684, 55037246
5000, 536873688, 1542748743
5000, 536873692, 1084306506
5000, 536873696, 2142499707
5000, 536873700, 1706526719
5000, 536873704, 3650147771
5000, 536873708, 393727276
5000, 536873712, 2542275412
5000, 536873716, 692716844
5000, 536873720, 1298854044
5000, 536873724, 1414927400
5000, 536873728, 1085896537
5000, 536873732, 2707990819
5000, 536873736, 1464004205
5000, 536873740, 606094277
5000, 536873744, 1606331763
5000, 536873748, 4287559194
5000, 536873752, 2943442551
5000, 536873756, 3560389214
5000, 536873760, 1282112303
5000, 536873764, 34074644
5000, 536873768, 1981133570
5000, 536873772, 549996800
5000, 536873776, 1240407205
5000, 536873780, 2788549489
5000, 536873784, 1968234782
5000, 536873788, 1376744599
5000, 536873792, 716956801
5000, 536873796, 2163838052
5000, 536873800, 2416425767
5000, 536873804, 1821685677
5000, 536873808, 247066064
5000, 536873812, 519860919
5000, 536873816, 815325973
5000, 536873820, 1721188298
5000, 536873824, 3788352859
5000, 536873828, 1963229979
5000, 536873832, 3996444081
5000, 536873836, 2525762369
5000, 536873840, 3677406417
5000, 536873844, 1202644402
5000, 536873848, 2804620942
5000, 536873852, 1134648526
5000, 536873856, 1580152717
5000, 536873860, 2402826461
5000, 536873864, 2928521687
5000, 536873868, 356742245
5000, 536873872, 2147075871
5000, 536873876, 4207457182
5000, 536873880, 866701456
5000, 536873884, 599691272
5000, 536873888, 2738351023
5000, 536873892, 813497295
5000, 536873896, 2186591403
5000, 536873900, 38276417
5000, 536873904, 3735931879
5000, 536873908, 614742256
5000, 536873912, 2709492707
5000, 536873916, 881538891
5000, 536873920, 2573803500
5000, 536873924, 2380822603
5000, 536873928, 1681488185
5000, 536873932, 2521962609
5000, 536873936, 316211079
5000, 536873940, 1099000984
5000, 536873944, 2687497026
5000, 536873948, 312222728
5000, 536873952, 3073523692
5000, 536873956, 2896435514
5000, 536873960, 2165562908
5000, 536873964, 1359542624
5000, 536873968, 1159171024
5000, 536873972, 1617510548
5000, 536873976, 3687130210
5000, 536873980, 3289264526
5000, 536873984, 3840557176
5000, 536873988, 1340085546
5000, 536873992, 2141599140
5000, 536873996, 825475441
5000, 536874000, 3164329766
5000, 536874004, 284216980
5000, 536874008, 3322678498
5000, 536874012, 1182613318
5000, 536874016, 1056530915
5000, 536874020, 2464972189
5000, 536874024, 1023195437
5000, 536874028, 3241590686
5000, 536874032, 1468476371
5000, 536874036, 41975847
5000, 536874040, 3066228999
5000, 536874044, 442356489
5000, 536874048, 3525960420
5000, 536874052, 3438379363
5000, 536874056, 3036659327
5000, 536874060, 289542157
5000, 536874064, 131457455
5000, 536874068, 1363640547
5000, 536874072, 3245365422
5000, 536874076, 3025452225
5000, 536874080, 2817031049
5000, 536874084, 436859921
5000, 536874088, 3633633191
5000, 536874092, 3300007326
5000, 536874096, 1308213104
5000, 536874100, 2920982687
5000, 536874104, 2840557497
5000, 536874108, 295813573
5000, 536874112, 606505704
5000, 536874116, 1168419202
5000, 536874120, 3834941085
5000, 536874124, 22754854
5000, 536874128, 777469658
5000, 536874132, 3356907845
5000, 536874136, 219787527
5000, 536874140, 1685458583
5000, 536874144, 3317596125
5000, 536874148, 3032602309
5000, 536874152, 3298573231
5000, 536874156, 374765473
5000, 536874160, 4130696546
5000, 536874164, 44016234
5000, 536874168, 3992316006
5000, 536874172, 2598916066
5000, 536874176, 4209102724
5000, 536874180, 607640357
5000, 536874184, 2558058111
5000, 536874188, 3246833911
5000, 536874192, 598327518
5000, 536874196, 3297485712
5000, 536874200, 427516113
5000, 536874204, 4033591103
5000, 536874208, 3673882538
5000, 536874212, 3238954401
5000, 536874216, 2389970457
5000, 536874220, 1078603429
5000, 536874224, 3877412479
5000, 536874228, 3633406781
5000, 536874232, 3998836332
5000, 536874236, 837448194
5000, 536874240, 316095942
5000, 536874244, 2169505060
5000, 536874248, 727788107
5000, 536874252, 695208013
5000, 536874256, 2116097068
5000, 536874260, 2846210597
5000, 536874264, 2904482088
5000, 536874268, 1376216360
5000, 536874272, 1801051728
5000, 536874276, 1275602661
5000, 536874280, 3786203525
5000, 536874284, 2429720872
5000, 536874288, 3499497359
5000, 536874292, 2554886008
5000, 536874296, 2851749054
5000, 536874300, 365018775
5000, 536874304, 422625882
5000, 536874308, 136594389
5000, 536874312, 2726446797
5000, 536874316, 607097062
5000, 536874320, 3145454277
5000, 536874324, 402064800
5000, 536874328, 3117047632
5000, 536874332, 279908173
5000, 536874336, 930761071
5000, 536874340, 167784550
5000, 536874344, 2397399354
5000, 536874348, 422252269
5000, 536874352, 2746100592
5000, 536874356, 4194700819
5000, 536874360, 1878860416
5000, 536874364, 623717900
5000, 536874368, 3965838604
5000, 536874372, 564547223
5000, 536874376, 4102190762
5000, 536874380, 3732194256
5000, 536874384, 1724379001
5000, 536874388, 3865018316
5000, 536874392, 435957521
5000, 536874396, 2757640881
5000, 536874400, 2792210574
5000, 536874404, 1749079270
5000, 536874408, 3823509785
5000, 536874412, 288043837
5000, 536874416, 1731636770
5000, 536874420, 371025777
5000, 536874424, 866897065
5000, 536874428, 219424863
5000, 536874432, 2591340272
5000, 536874436, 2769309092
5000, 536874440, 550146553
5000, 536874444, 2403993301
5000, 536874448, 4172315818
5000, 536874452, 1697905960
5000, 536874456, 1893606992
5000, 536874460, 2307475604
5000, 536874464, 658603770
5000, 536874468, 2994105151
5000, 536874472, 1022672594
5000, 536874476, 1682997715
5000, 536874480, 2503801440
5000, 536874484, 340801499
5000, 536874488, 846190943
5000, 536874492, 40373613
5000, 536874496, 3536818552
5000, 536874500, 3044612929
5000, 536874504, 3690424042
5000, 536874508, 586541080
5000, 536874512, 1052389684
5000, 536874516, 1633936999
5000, 536874520, 1801612173
5000, 536874524, 528780814
5000, 536874528, 339148709
5000, 536874532, 1654926683
5000, 536874536, 4236455386
5000, 536874540, 1565929729
5000, 536874544, 3975738957
5000, 536874548, 1001704502
5000, 536874552, 3279323925
5000, 536874556, 194740516
5000, 536874560, 3397591835
5000, 536874564, 3001454417
5000, 536874568, 3220887529
5000, 536874572, 1212477960
5000, 536874576, 2306307070
5000, 536874580, 2213629867
5000, 536874584, 1336431040
5000, 536874588, 674989350
5000, 536874592, 2220619896
5000, 536874596, 4092860879
5000, 536874600, 2650136194
5000, 536874604, 422471409
5000, 536874608, 2149781470
5000, 536874612, 1040296818
5000, 536874616, 1338980348
5000, 536874620, 1734938336
5000, 536874624, 1236648131
5000, 536874628, 2289693562
5000, 536874632, 1291773947
5000, 536874636, 3814171708
5000, 536874640, 2626396942
5000, 536874644, 2503545710
5000, 536874648, 2111494062
5000, 536874652, 2998307245
5000, 536874656, 1497012842
5000, 536874660, 2046746187
5000, 536874664, 3965394241
5000, 536874668, 4184539162
5000, 536874672, 3086982408
5000, 536874676, 1895024456
5000, 536874680, 2103305435
5000, 536874684, 341351558
5000, 536874688, 4053648698
5000, 536874692, 2750046715
5000, 536874696, 3830269460
5000, 536874700, 310748148
5000, 536874704, 4135592790
5000, 536874708, 1158164828
5000, 536874712, 3430547156
5000, 536874716, 1713176705
5000, 536874720, 1737552429
5000, 536874724, 555993155
5000, 536874728, 495734903
5000, 536874732, 1309042390
5000, 536874736, 2613358489
5000, 536874740, 2556729564
5000, 536874744, 2619146157
5000, 536874748, 1896117354
5000, 536874752, 1604695858
5000, 536874756, 20049232
5000, 536874760, 2446807897
5000, 536874764, 2562599265
5000, 536874768, 3456089685
5000, 536874772, 1863657296
5000, 536874776, 2943362750
5000, 536874780, 501285889
5000, 536874784, 3594111073
5000, 536874788, 1957563897
5000, 536874792, 3945584574
5000, 536874796, 1929483433
5000, 536874800, 1291822183
5000, 536874804, 2778839256
5000, 536874808, 3037649135
5000, 536874812, 1991356061
5000, 536874816, 1389683998
5000, 536874820, 2369973973
5000, 536874824, 490369955
5000, 536874828, 2839587173
5000, 536874832, 3996893116
5000, 536874836, 2648711683
5000, 536874840, 557389798
5000, 536874844, 105304698
5000, 536874848, 2407511508
5000, 536874852, 1284124568
5000, 536874856, 451343121
5000, 536874860, 4208017251
5000, 536874864, 4241660635
5000, 536874868, 2176859236
5000, 536874872, 1587410391
5000, 536874876, 3562211442
5000, 536874880, 1323143806
5000, 536874884, 220630744
5000, 536874888, 1998061209
5000, 536874892, 1397387219
5000, 536874896, 1340825765
5000, 536874900, 2389845701
5000, 536874904, 3785193000
5000, 536874908, 3037216770
5000, 536874912, 3132191217
5000, 536874916, 41948420
5000, 536874920, 3620317113
5000, 536874924, 1031879170
5000, 536874928, 599021581
5000, 536874932, 151060904
5000, 536874936, 4143771875
5000, 536874940, 1983348480
5000, 536874944, 312932338
5000, 536874948, 1568326711
5000, 536874952, 3680434001
5000, 536874956, 713347980
5000, 536874960, 918478854
5000, 536874964, 4103324221
5000, 536874968, 3987120799
5000, 536874972, 387549376
5000, 536874976, 4076056917
5000, 536874980, 1541082519
5000, 536874984, 694897723
5000, 536874988, 1972063010
5000, 536874992, 3787225197
5000, 536874996, 2063283655
5000, 536875000, 3191637637
5000, 536875004, 1148875856
5000, 536875008, 163032315
5000, 536875012, 2380766684
5000, 536875016, 1909556423
5000, 536875020, 3880441639
5000, 536875024, 2303136115
5000, 536875028, 2932444936
5000, 536875032, 2865592791
5000, 536875036, 3582752712
5000, 536875040, 1887414982
5000, 536875044, 1749439656
5000, 536875048, 695172403
5000, 536875052, 2698348760
5000, 536875056, 4008007421
5000, 536875060, 381439025
5000, 536875064, 2923746277
5000, 536875068, 1153529142
5000, 536875072, 1774523562
5000, 536875076, 2560033620
5000, 536875080, 4237801418
5000, 536875084, 824642915
5000, 536875088, 291740416
5000, 536875092, 2644777826
5000, 536875096, 3190713610
5000, 536875100, 745380002
5000, 536875104, 2591285597
5000, 536875108, 1314576768
5000, 536875112, 143622131
5000, 536875116, 3387594820
5000, 536875120, 3996908659
5000, 536875124, 970208346
5000, 536875128, 4038890928
5000, 536875132, 149507586
5000, 536875136, 4138461420
5000, 536875140, 3114420385
5000, 536875144, 3354863045
5000, 536875148, 1241673610
5000, 536875152, 1454487140
5000, 536875156, 26608746
5000, 536875160, 1722271162
5000, 536875164, 286690372
5000, 536875168, 2036544764
5000, 536875172, 239021330
5000, 536875176, 2680371964
5000, 536875180, 3333001378
5000, 536875184, 2085829085
5000, 536875188, 3131546996
5000, 536875192, 4109775243
5000, 536875196, 3021537539
5000, 536875200, 3261717484
5000, 536875204, 77684610
5000, 536875208, 2482727165
5000, 536875212, 3274800388
5000, 536875216, 2632565543
5000, 536875220, 8899201
5000, 536875224, 3209560044
5000, 536875228, 3067178995
5000, 536875232, 3737338955
5000, 536875236, 342277375
5000, 536875240, 4246698236
5000, 536875244, 2639864226
5000, 536875248, 2536143862
5000, 536875252, 1074640841
5000, 536875256, 1079385894
5000, 536875260, 3859970237
5000, 536875264, 3681335800
5000, 536875268, 2125019179
5000, 536875272, 2814288381
5000, 536875276, 2100895014
5000, 536875280, 2931723444
5000, 536875284, 348928878
5000, 536875288, 3544789288
5000, 536875292, 2634510942
5000, 536875296, 4255264622
5000, 536875300, 3323929988
5000, 536875304, 3959693476
5000, 536875308, 763431103
5000, 536875312, 1828583736
5000, 536875316, 873700844
5000, 536875320, 3577095110
5000, 536875324, 1493147247
5000, 536875328, 4277386227
5000, 536875332, 2446160639
5000, 536875336, 4121131215
5000, 536875340, 2714439011
5000, 536875344, 4191684671
5000, 536875348, 1128384133
5000, 536875352, 3338220670
5000, 536875356, 2091603981
5000, 536875360, 3720281306
5000, 536875364, 2294400076
5000, 536875368, 1860049269
5000, 536875372, 3302515999
5000, 536875376, 654555975
5000, 536875380, 1842981094
5000, 536875384, 29591039
5000, 536875388, 2221165389
5000, 536875392, 2090056062
5000, 536875396, 3994576807
5000, 536875400, 1346311574
5000, 536875404, 682417572
5000, 536875408, 4239103487
5000, 536875412, 266690523
5000, 536875416, 1406695175
5000, 536875420, 3451222759
5000, 536875424, 2011467503
5000, 536875428, 3010482502
5000, 536875432, 3640417318
5000, 536875436, 4082451377
5000, 536875440, 2072412158
5000, 536875444, 1272102607
5000, 536875448, 1675175410
5000, 536875452, 707844386
5000, 536875456, 1805585139
5000, 536875460, 3190687955
5000, 536875464, 1057656861
5000, 536875468, 1308454075
5000, 536875472, 3669465183
5000, 536875476, 1522539086
5000, 536875480, 3134250942
5000, 536875484, 1581538485
5000, 536875488, 2088555965
5000, 536875492, 464611329
5000, 536875496, 1838626358
5000, 536875500, 1618100291
5000, 536875504, 1042674470
5000, 536875508, 3089527136
5000, 536875512, 3038934510
5000, 536875516, 613354796
5000, 536875520, 2670925051
5000, 536875524, 4085691035
5000, 536875528, 95989336
5000, 536875532, 3641622761
5000, 536875536, 3935130727
5000, 536875540, 2213144706
5000, 536875544, 2781900760
5000, 536875548, 73648497
5000, 536875552, 4111663607
5000, 536875556, 275556372
5000, 536875560, 2085939755
5000, 536875564, 785661167
5000, 536875568, 1456233896
5000, 536875572, 3039136469
5000, 536875576, 4292581981
5000, 536875580, 2911209908
5000, 536875584, 3092490686
5000, 536875588, 942555513
5000, 536875592, 1599028097
5000, 536875596, 730604237
5000, 536875600, 2306955987
5000, 536875604, 499814987
5000, 536875608, 343536310
5000, 536875612, 234627386
5000, 536875616, 925520187
5000, 536875620, 3181977491
5000, 536875624, 2217525997
5000, 536875628, 2297303554
5000, 536875632, 3095357160
5000, 536875636, 487131526
5000, 536875640, 3084568819
5000, 536875644, 2624085247
5000, 536875648, 906583020
5000, 536875652, 1208987826
5000, 536875656, 4194301385
5000, 536875660, 3520941945
5000, 536875664, 1638014919
5000, 536875668, 2520940744
5000, 536875672, 905386417
5000, 536875676, 3674530345
5000, 536875680, 3510893689
5000, 536875684, 1581792719
5000, 536875688, 2672175038
5000, 536875692, 3391036439
5000, 536875696, 590233954
5000, 536875700, 672370260
5000, 536875704, 3319279248
5000, 536875708, 343431776
5000, 536875712, 4050938789
5000, 536875716, 3670541572
5000, 536875720, 217783964
5000, 536875724, 1662812509
5000, 536875728, 3029790413
5000, 536875732, 3480440758
5000, 536875736, 3715368861
5000, 536875740, 3181824187
5000, 536875744, 2247361061
5000, 536875748, 2652592006
5000, 536875752, 114967699
5000, 536875756, 4094128023
5000, 536875760, 938474762
5000, 536875764, 2127939760
5000, 536875768, 3621582100
5000, 536875772, 3436167026
5000, 536875776, 3441503448
5000, 536875780, 1702372815
5000, 536875784, 1879025618
5000, 536875788, 3808963842
5000, 536875792, 1268051909
5000, 536875796, 2637558284
5000, 536875800, 1146273348
5000, 536875804, 542931721
5000, 536875808, 1607745058
5000, 536875812, 4197652178
5000, 536875816, 1860903922
5000, 536875820, 3517991541
5000, 536875824, 2455843507
5000, 536875828, 437793473
5000, 536875832, 702432105
5000, 536875836, 1252046120
5000, 536875840, 36689887
5000, 536875844, 2234651714
5000, 536875848, 2345625590
5000, 536875852, 4162887947
5000, 536875856, 1073336374
5000, 536875860, 1781836067
5000, 536875864, 76932349
5000, 536875868, 2326341817
5000, 536875872, 3748254594
5000, 536875876, 1826636772
5000, 536875880, 1038797516
5000, 536875884, 2915050956
5000, 536875888, 4164631188
5000, 536875892, 1086604407
5000, 536875896, 3772660104
5000, 536875900, 3929981818
5000, 536875904, 1574960298
5000, 536875908, 3680672969
5000, 536875912, 1365660569
5000, 536875916, 2334236815
5000, 536875920, 3940023546
5000, 536875924, 356496304
5000, 536875928, 658599657
5000, 536875932, 2979681505
5000, 536875936, 3093818518
5000, 536875940, 624951567
5000, 536875944, 1059268487
5000, 536875948, 3711293426
5000, 536875952, 1437686380
5000, 536875956, 2177064928
5000, 536875960, 1826521707
5000, 536875964, 417739232
5000, 536875968, 2346773969
5000, 536875972, 1977907212
5000, 536875976, 4198492957
5000, 536875980, 70830544
5000, 536875984, 1775235950
5000, 536875988, 463761950
5000, 536875992, 1564077436
5000, 536875996, 610868090
5000, 536876000, 2348326062
5000, 536876004, 2433315615
5000, 536876008, 697555347
5000, 536876012, 1967235188
5000, 536876016, 768466686
5000, 536876020, 2554553303
5000, 536876024, 3741737805
5000, 536876028, 2980403143
5000, 536876032, 2862209155
5000, 536876036, 2869349305
5000, 536876040, 2902869273
5000, 536876044, 2156957348
5000, 536876048, 855639335
5000, 536876052, 2687808657
5000, 536876056, 958473415
5000, 536876060, 1287047762
5000, 536876064, 3321216086
5000, 536876068, 2384333638
5000, 536876072, 78085021
5000, 536876076, 773842394
5000, 536876080, 886439919
5000, 536876084, 512305461
5000, 536876088, 3777212397
5000, 536876092, 1238845010
5000, 536876096, 4041108300
5000, 536876100, 13471801
5000, 536876104, 1843559665
5000, 536876108, 1094374467
5000, 536876112, 630768003
5000, 536876116, 2973062161
5000, 536876120, 1766176223
5000, 536876124, 3634833094
5000, 536876128, 1845763369
5000, 536876132, 1006794504
5000, 536876136, 1167136956
5000, 536876140, 3342623155
5000, 536876144, 378448586
5000, 536876148, 1821854067
5000, 536876152, 3949002671
5000, 536876156, 4036302637
5000, 536876160, 3587191215
5000, 536876164, 3433635842
5000, 536876168, 3072584767
5000, 536876172, 140313843
5000, 536876176, 515644327
5000, 536876180, 4030956524
5000, 536876184, 2089479869
5000, 536876188, 4076823432
5000, 536876192, 3604190015
5000, 536876196, 827211043
5000, 536876200, 4271230161
5000, 536876204, 4282712860
5000, 536876208, 3019625032
5000, 536876212, 4053547087
5000, 536876216, 2042534569
5000, 536876220, 4128718250
5000, 536876224, 4202089697
5000, 536876228, 1250677616
5000, 536876232, 2501135133
5000, 536876236, 1086951157
5000, 536876240, 2080196569
5000, 536876244, 4163782773
5000, 536876248, 2610845175
5000, 536876252, 1845708072
5000, 536876256, 1538306435
5000, 536876260, 2671743620
5000, 536876264, 4166026638
5000, 536876268, 2534238029
5000, 536876272, 4265438123
5000, 536876276, 2984090521
5000, 536876280, 946809309
5000, 536876284, 1635868578
5000, 536876288, 2128756767
5000, 536876292, 2871079292
5000, 536876296, 2519651776
5000, 536876300, 2455412631
5000, 536876304, 2075468549
5000, 536876308, 625763289
5000, 536876312, 3484423534
5000, 536876316, 2489695642
5000, 536876320, 4208937041
5000, 536876324, 989223296
5000, 536876328, 1037328292
5000, 536876332, 2602782209
5000, 536876336, 4160584619
5000, 536876340, 486246503
5000, 536876344, 670467403
5000, 536876348, 3073461172
5000, 536876352, 1532131160
5000, 536876356, 18698948
5000, 536876360, 2992245215
5000, 536876364, 1705145529
5000, 536876368, 2613012146
5000, 536876372, 1613920134
5000, 536876376, 2106354083
5000, 536876380, 92702099
5000, 536876384, 2816450126
5000, 536876388, 3048490378
5000, 536876392, 1882215010
5000, 536876396, 899665208
5000, 536876400, 1037094887
5000, 536876404, 3163947084
5000, 536876408, 3713710863
5000, 536876412, 1634114306
5000, 536876416, 2189179475
5000, 536876420, 194398089
5000, 536876424, 3351043591
5000, 536876428, 1635714178
5000, 536876432, 4258879032
5000, 536876436, 1508544974
5000, 536876440, 3086987180
5000, 536876444, 2289446457
5000, 536876448, 1710400477
5000, 536876452, 1146686074
5000, 536876456, 1784416251
5000, 536876460, 2751358880
5000, 536876464, 497450088
5000, 536876468, 3829813347
5000, 536876472, 3214227505
5000, 536876476, 2266722325
5000, 536876480, 3510128664
5000, 536876484, 2042740027
5000, 536876488, 3200498332
5000, 536876492, 3866218676
5000, 536876496, 3617848353
5000, 536876500, 3578014382
5000, 536876504, 3353979885
5000, 536876508, 805537850
5000, 536876512, 1460763198
5000, 536876516, 2416410160
5000, 536876520, 3041077233
5000, 536876524, 4191219426
5000, 536876528, 3740941119
5000, 536876532, 11909703
5000, 536876536, 4214075903
5000, 536876540, 3340408113
5000, 536876544, 863359628
5000, 536876548, 759513814
5000, 536876552, 3506288563
5000, 536876556, 2485566632
5000, 536876560, 1188461859
5000, 536876564, 2563422711
5000, 536876568, 3441189783
5000, 536876572, 1436631714
5000, 536876576, 1299277007
5000, 536876580, 3631305196
5000, 536876584, 1396566034
5000, 536876588, 399438077
5000, 536876592, 94342473
5000, 536876596, 3122220737
5000, 536876600, 2796673213
5000, 536876604, 4228240140
5000, 536876608, 452306092
5000, 536876612, 3522856960
5000, 536876616, 3010418573
5000, 536876620, 1654027349
5000, 536876624, 881649162
5000, 536876628, 3639568632
5000, 536876632, 3270856245
5000, 536876636, 2062780851
5000, 536876640, 4063061450
5000, 536876644, 2421365376
5000, 536876648, 4285882351
5000, 536876652, 252854119
5000, 536876656, 2926833475
5000, 536876660, 982418506
5000, 536876664, 2066193462
5000, 536876668, 1345857116
5000, 536876672, 1260890912
5000, 536876676, 902252891
5000, 536876680, 1499934974
5000, 536876684, 1611210616
5000, 536876688, 3039244019
5000, 536876692, 1095179913
5000, 536876696, 2123254508
5000, 536876700, 580609200
5000, 536876704, 616244061
5000, 536876708, 1016189110
5000, 536876712, 2706753976
5000, 536876716, 198788941
5000, 536876720, 1711671678
5000, 536876724, 186843330
5000, 536876728, 3738828414
5000, 536876732, 352045644
5000, 536876736, 1901360171
5000, 536876740, 3406130929
5000, 536876744, 3479250772
5000, 536876748, 1182414368
5000, 536876752, 3840392699
5000, 536876756, 3158778689
5000, 536876760, 2117714378
5000, 536876764, 1709581834
5000, 536876768, 1762311035
5000, 536876772, 491567635
5000, 536876776, 1710161046
5000, 536876780, 430979932
5000, 536876784, 4105095660
5000, 536876788, 1147838695
5000, 536876792, 1483734672
5000, 536876796, 2160788396
5000, 536876800, 2341604561
5000, 536876804, 1741546363
5000, 536876808, 2942075706
5000, 536876812, 3662693259
5000, 536876816, 3201228889
5000, 536876820, 2769251430
5000, 536876824, 3793390505
5000, 536876828, 3818952779
5000, 536876832, 2825159421
5000, 536876836, 1188772118
5000, 536876840, 1650685614
5000, 536876844, 4162665374
5000, 536876848, 3790843843
5000, 536876852, 1515532672
5000, 536876856, 1250876856
5000, 536876860, 1131600156
5000, 536876864, 2856302618
5000, 536876868, 21817905
5000, 536876872, 255637098
5000, 536876876, 2024708625
5000, 536876880, 2589879637
5000, 536876884, 3886163191
5000, 536876888, 2930442228
5000, 536876892, 1551997070
5000, 536876896, 3843135010
5000, 536876900, 554751537
5000, 536876904, 452789429
5000, 536876908, 2332839121
5000, 536876912, 578654511
5000, 536876916, 65653374
5000, 536876920, 1983315199
5000, 536876924, 1820107282
5000, 536876928, 1950447145
5000, 536876932, 2401647650
5000, 536876936, 677721948
5000, 536876940, 2912669981
5000, 536876944, 2609513341
5000, 536876948, 1889629761
5000, 536876952, 3341771620
5000, 536876956, 3670818114
5000, 536876960, 4002643943
5000, 536876964, 3130119
5000, 536876968, 4135028784
5000, 536876972, 3638595741
5000, 536876976, 3657115353
5000, 536876980, 979900461
5000, 536876984, 4268210929
5000, 536876988, 2288446019
5000, 536876992, 955999999
5000, 536876996, 2566129792
5000, 536877000, 3621141315
5000, 536877004, 2812792287
5000, 536877008, 2396085265
5000, 536877012, 526926276
5000, 536877016, 2607221389
5000, 536877020, 620963269
5000, 536877024, 3716928192
5000, 536877028, 3655008403
5000, 536877032, 4100435041
5000, 536877036, 1480115861
5000, 536877040, 268294805
5000, 536877044, 2561200440
5000, 536877048, 4202542175
5000, 536877052, 720802305
5000, 536877056, 2797036292
5000, 536877060, 3736964121
5000, 536877064, 1504439702
5000, 536877068, 651701172
5000, 536877072, 2948361142
5000, 536877076, 577197403
5000, 536877080, 4025915107
5000, 536877084, 1771097049
5000, 536877088, 498925244
5000, 536877092, 3062360357
5000, 536877096, 1658584755
5000, 536877100, 3648416669
5000, 536877104, 3737410717
5000, 536877108, 3627710831
5000, 536877112, 2111663279
5000, 536877116, 670915062
5000, 536877120, 899651202
5000, 536877124, 482839737
5000, 536877128, 3740359501
5000, 536877132, 2367023024
5000, 536877136, 679814539
5000, 536877140, 410742211
5000, 536877144, 994895760
5000, 536877148, 3249562971
5000, 536877152, 4116670258
5000, 536877156, 4093555160
5000, 536877160, 3750663817
5000, 536877164, 1296058852
5000, 536877168, 2410698699
5000, 536877172, 2105858634
5000, 536877176, 4106630379
5000, 536877180, 2956658001
5000, 536877184, 681323351
5000, 536877188, 2495887808
5000, 536877192, 296553327
5000, 536877196, 4250519461
5000, 536877200, 142427910
5000, 536877204, 2202126269
5000, 536877208, 1297494973
5000, 536877212, 294973267
5000, 536877216, 2513859537
5000, 536877220, 2774358495
5000, 536877224, 4220900815
5000, 536877228, 2773257982
5000, 536877232, 3408771623
5000, 536877236, 378162008
5000, 536877240, 3698292223
5000, 536877244, 200750761
5000, 536877248, 1544056826
5000, 536877252, 3128001584
5000, 536877256, 1916877406
5000, 536877260, 2416917
5000, 536877264, 2107514176
5000, 536877268, 2611481179
5000, 536877272, 4013331221
5000, 536877276, 63790898
5000, 536877280, 409912952
5000, 536877284, 22089730
5000, 536877288, 2241300249
5000, 536877292, 1377738638
5000, 536877296, 2948629147
5000, 536877300, 1695559360
5000, 536877304, 788359535
5000, 536877308, 392745703
5000, 536877312, 491820958
5000, 536877316, 2745474428
5000, 536877320, 1450618287
5000, 536877324, 965631131
5000, 536877328, 2947444431
5000, 536877332, 2586445443
5000, 536877336, 4232763893
5000, 536877340, 651056735
5000, 536877344, 3295512110
5000, 536877348, 885791640
5000, 536877352, 3448024936
5000, 536877356, 1110059625
5000, 536877360, 4141860381
5000, 536877364, 1804609889
5000, 536877368, 2096390559
5000, 536877372, 2794356775
5000, 536877376, 2143753294
5000, 536877380, 1598991473
5000, 536877384, 200993179
5000, 536877388, 30282981
5000, 536877392, 3891423504
5000, 536877396, 2553753380
5000, 536877400, 2250505599
5000, 536877404, 808237745
5000, 536877408, 3069395561
5000, 536877412, 1051775650
5000, 536877416, 4035645186
5000, 536877420, 3794456451
5000, 536877424, 683431111
5000, 536877428, 4241546380
5000, 536877432, 3018848165
5000, 536877436, 1132954174
5000, 536877440, 1805526837
5000, 536877444, 1712071293
5000, 536877448, 2185749461
5000, 536877452, 148178749
5000, 536877456, 4275307016
5000, 536877460, 1991318932
5000, 536877464, 3045807735
5000, 536877468, 3248920096
5000, 536877472, 4021561864
5000, 536877476, 3025056187
5000, 536877480, 986357726
5000, 536877484, 2795905243
5000, 536877488, 3752617487
5000, 536877492, 3953337879
5000, 536877496, 4076574686
5000, 536877500, 573920018
5000, 536877504, 2562339408
5000, 536877508, 1377344102
5000, 536877512, 729513280
5000, 536877516, 3886816492
5000, 536877520, 1340847925
5000, 536877524, 1836248548
5000, 536877528, 1763133401
5000, 536877532, 2395147478
5000, 536877536, 4000974341
5000, 536877540, 3758670203
5000, 536877544, 2728249428
5000, 536877548, 3827834114
5000, 536877552, 3808949598
5000, 536877556, 2774772788
5000, 536877560, 3128504655
5000, 536877564, 2187222986
5000, 536877568, 1744369084
5000, 536877572, 1580850327
5000, 536877576, 1037606701
5000, 536877580, 1378759186
5000, 536877584, 2624266258
5000, 536877588, 1923860617
5000, 536877592, 3880495474
5000, 536877596, 804905265
5000, 536877600, 3580413880
5000, 536877604, 288795594
5000, 536877608, 3285204303
5000, 536877612, 19716896
5000, 536877616, 2434970589
5000, 536877620, 4953522
5000, 536877624, 1882635599
5000, 536877628, 1629096458
5000, 536877632, 4076201110
5000, 536877636, 1450577031
5000, 536877640, 4088526261
5000, 536877644, 297038851
5000, 536877648, 2274880110
5000, 536877652, 1745310172
5000, 536877656, 2810427893
5000, 536877660, 1228175337
5000, 536877664, 3333782355
5000, 536877668, 127223864
5000, 536877672, 1297410489
5000, 536877676, 2769698073
5000, 536877680, 393562989
5000, 536877684, 3540063258
5000, 536877688, 3934386471
5000, 536877692, 743374217
5000, 536877696, 4067441390
5000, 536877700, 660194002
5000, 536877704, 3120040957
5000, 536877708, 1636945185
5000, 536877712, 2373791374
5000, 536877716, 2203351996
5000, 536877720, 3051588201
5000, 536877724, 94157296
5000, 536877728, 679430029
5000, 536877732, 789196787
5000, 536877736, 876532706
5000, 536877740, 3140761016
5000, 536877744, 451320815
5000, 536877748, 2197036425
5000, 536877752, 1188582778
5000, 536877756, 679348434
5000, 536877760, 433049412
5000, 536877764, 834343528
5000, 536877768, 3071094952
5000, 536877772, 824286666
5000, 536877776, 502523121
5000, 536877780, 2245164104
5000, 536877784, 1711921891
5000, 536877788, 1476591781
5000, 536877792, 644580262
5000, 536877796, 1219473717
5000, 536877800, 2564945827
5000, 536877804, 278945844
5000, 536877808, 3821545858
5000, 536877812, 1607855350
5000, 536877816, 3426761193
5000, 536877820, 135434277
5000, 536877824, 3113837537
5000, 536877828, 2719258384
5000, 536877832, 766420446
5000, 536877836, 854225306
5000, 536877840, 3077539084
5000, 536877844, 758175119
5000, 536877848, 3208179236
5000, 536877852, 3529230064
5000, 536877856, 677044395
5000, 536877860, 630751413
5000, 536877864, 1717304890
5000, 536877868, 2517972692
5000, 536877872, 3632118182
5000, 536877876, 2416953096
5000, 536877880, 3752597922
5000, 536877884, 1059621658
5000, 536877888, 797872268
5000, 536877892, 2283643679
5000, 536877896, 3470524152
5000, 536877900, 2164530717
5000, 536877904, 2256387033
5000, 536877908, 2192522503
5000, 536877912, 1408895352
5000, 536877916, 2169693635
5000, 536877920, 798455909
5000, 536877924, 3801915971
5000, 536877928, 4208519743
5000, 536877932, 3593824760
5000, 536877936, 1518191612
5000, 536877940, 3291791437
5000, 536877944, 1566580334
5000, 536877948, 25547667
5000, 536877952, 2382199595
5000, 536877956, 2701122849
5000, 536877960, 4291133012
5000, 536877964, 566392918
5000, 536877968, 1842137335
5000, 536877972, 278586598
5000, 536877976, 1610542389
5000, 536877980, 4127641219
5000, 536877984, 1699995997
5000, 536877988, 3120716616
5000, 536877992, 4135567491
5000, 536877996, 4014025417
5000, 536878000, 3000960798
5000, 536878004, 2256712797
5000, 536878008, 3417476200
5000, 536878012, 495727535
5000, 536878016, 4244289849
5000, 536878020, 450515472
5000, 536878024, 2332160722
5000, 536878028, 3607217498
5000, 536878032, 2316532995
5000, 536878036, 2442572289
5000, 536878040, 1369785456
5000, 536878044, 3972398182
5000, 536878048, 3367618931
5000, 536878052, 1848794636
5000, 536878056, 558351197
5000, 536878060, 757140170
5000, 536878064, 2949565332
5000, 536878068, 3559560266
5000, 536878072, 3467415523
5000, 536878076, 718084395
5000, 536878080, 3686358204
5000, 536878084, 2204143740
5000, 536878088, 3500920413
5000, 536878092, 871222064
5000, 536878096, 2165808315
5000, 536878100, 2148040846
5000, 536878104, 3688669051
5000, 536878108, 245960200
5000, 536878112, 609724385
5000, 536878116, 524207013
5000, 536878120, 2912352260
5000, 536878124, 1764899479
5000, 536878128, 1953427418
5000, 536878132, 513652476
5000, 536878136, 4282305389
5000, 536878140, 1496648099
5000, 536878144, 832658155
5000, 536878148, 2482959732
5000, 536878152, 3550683176
5000, 536878156, 2297219670
5000, 536878160, 3305266304
5000, 536878164, 4103165245
5000, 536878168, 1674177377
5000, 536878172, 173221144
5000, 536878176, 4118789455
5000, 536878180, 3405816664
5000, 536878184, 2219037759
5000, 536878188, 2989883940
5000, 536878192, 3893357168
5000, 536878196, 892883639
5000, 536878200, 2406202878
5000, 536878204, 1610597539
5000, 536878208, 4244514489
5000, 536878212, 959431540
5000, 536878216, 1025771670
5000, 536878220, 4292780434
5000, 536878224, 1453821632
5000, 536878228, 275998382
5000, 536878232, 3051943753
5000, 536878236, 1560700575
5000, 536878240, 2473590369
5000, 536878244, 1586251504
5000, 536878248, 3278081926
5000, 536878252, 209203660
5000, 536878256, 1562848921
5000, 536878260, 1749816212
5000, 536878264, 3915878295
5000, 536878268, 75996242
5000, 536878272, 2811962861
5000, 536878276, 1372614350
5000, 536878280, 2729604202
5000, 536878284, 672871395
5000, 536878288, 2478397156
5000, 536878292, 798214516
5000, 536878296, 2588984166
5000, 536878300, 3337259896
5000, 536878304, 3751692150
5000, 536878308, 474156588
5000, 536878312, 1518705534
5000, 536878316, 1346911494
5000, 536878320, 3538918746
5000, 536878324, 1292447035
5000, 536878328, 2319301439
5000, 536878332, 1674963690
5000, 536878336, 1377863420
5000, 536878340, 1124342584
5000, 536878344, 2884772845
5000, 536878348, 1556603194
5000, 536878352, 3751651323
5000, 536878356, 1523241155
5000, 536878360, 3586123036
5000, 536878364, 1542205749
5000, 536878368, 3436511222
5000, 536878372, 1934130684
5000, 536878376, 1545086720
5000, 536878380, 2483618917
5000, 536878384, 1517386400
5000, 536878388, 474470932
5000, 536878392, 2663198514
5000, 536878396, 1232913131
5000, 536878400, 4260353519
5000, 536878404, 628705092
5000, 536878408, 3744970267
5000, 536878412, 2576576261
5000, 536878416, 1658810333
5000, 536878420, 2420233952
5000, 536878424, 727250787
5000, 536878428, 3261445918
5000, 536878432, 3877395806
5000, 536878436, 2434449754
5000, 536878440, 3478686702
5000, 536878444, 1982659903
5000, 536878448, 976821679
5000, 536878452, 1289749959
5000, 536878456, 2910294562
5000, 536878460, 2336407688
5000, 536878464, 2867610367
5000, 536878468, 2529506965
5000, 536878472, 4279863294
5000, 536878476, 2094087940
5000, 536878480, 2717691550
5000, 536878484, 3191871427
5000, 536878488, 2638136648
5000, 536878492, 1623344069
5000, 536878496, 770193892
5000, 536878500, 3836032449
5000, 536878504, 3881367340
5000, 536878508, 2600937064
5000, 536878512, 3969331806
5000, 536878516, 220297186
5000, 536878520, 2511549871
5000, 536878524, 4152008779
5000, 536878528, 615163810
5000, 536878532, 2036708417
5000, 536878536, 233428207
5000, 536878540, 3936586788
5000, 536878544, 2042377841
5000, 536878548, 3800014599
5000, 536878552, 1509917903
5000, 536878556, 488183108
5000, 536878560, 1312881699
5000, 536878564, 2984775191
5000, 536878568, 1883987827
5000, 536878572, 90206153
5000, 536878576, 3589583261
5000, 536878580, 1904558897
5000, 536878584, 3509114397
5000, 536878588, 43894001
5000, 536878592, 3070544080
5000, 536878596, 4112231065
5000, 536878600, 1118654537
5000, 536878604, 3324494328
5000, 536878608, 3953605787
5000, 536878612, 3618974295
5000, 536878616, 1432859716
5000, 536878620, 2425079513
5000, 536878624, 3757571943
5000, 536878628, 1780351310
5000, 536878632, 800642871
5000, 536878636, 1910565056
5000, 536878640, 2078307319
5000, 536878644, 471974199
5000, 536878648, 4091419097
5000, 536878652, 1047114857
5000, 536878656, 3859081009
5000, 536878660, 307451400
5000, 536878664, 2509240828
5000, 536878668, 3532090646
5000, 536878672, 549923239
5000, 536878676, 3858760470
5000, 536878680, 4255674491
5000, 536878684, 1184782985
5000, 536878688, 2666716976
5000, 536878692, 15463295
5000, 536878696, 2028419178
5000, 536878700, 1638935277
5000, 536878704, 3878210157
5000, 536878708, 3653355871
5000, 536878712, 428333908
5000, 536878716, 805401484
5000, 536878720, 2464605019
5000, 536878724, 3918567042
5000, 536878728, 3593610558
5000, 536878732, 3734323465
5000, 536878736, 4009655328
5000, 536878740, 3747850550
5000, 536878744, 1293489965
5000, 536878748, 2508505152
5000, 536878752, 1955369761
5000, 536878756, 2277388337
5000, 536878760, 3550047597
5000, 536878764, 2149092600
5000, 536878768, 521871255
5000, 536878772, 2587705441
5000, 536878776, 3779540234
5000, 536878780, 3784903080
5000, 536878784, 4063593824
5000, 536878788, 4279688212
5000, 536878792, 1437708774
5000, 536878796, 3699769159
5000, 536878800, 436640612
5000, 536878804, 3918983642
5000, 536878808, 251868011
5000, 536878812, 113551544
5000, 536878816, 4132451923
5000, 536878820, 3803677921
5000, 536878824, 3946922289
5000, 536878828, 246297490
5000, 536878832, 1077660020
5000, 536878836, 1343545056
5000, 536878840, 2952129995
5000, 536878844, 1112849056
5000, 536878848, 628824607
5000, 536878852, 2148582711
5000, 536878856, 330129326
5000, 536878860, 396989401
5000, 536878864, 189213469
5000, 536878868, 470933650
5000, 536878872, 3762748096
5000, 536878876, 4105842005
5000, 536878880, 3387481874
5000, 536878884, 1982618891
5000, 536878888, 1904474233
5000, 536878892, 2926195588
5000, 536878896, 2180669414
5000, 536878900, 3741563981
5000, 536878904, 1738239505
5000, 536878908, 3300939779
5000, 536878912, 548486845
5000, 536878916, 3116117324
5000, 536878920, 2677725422
5000, 536878924, 3325369055
5000, 536878928, 4217463306
5000, 536878932, 483982157
5000, 536878936, 1766185195
5000, 536878940, 3163617404
5000, 536878944, 4066180585
5000, 536878948, 1644306264
5000, 536878952, 2041385685
5000, 536878956, 412877969
5000, 536878960, 1428553410
5000, 536878964, 1767926560
5000, 536878968, 2952624917
5000, 536878972, 518340711
5000, 536878976, 2070121641
5000, 536878980, 2971617612
5000, 536878984, 2522842567
5000, 536878988, 142453115
5000, 536878992, 2549235646
5000, 536878996, 2744652037
5000, 536879000, 4234132258
5000, 536879004, 1253970980
5000, 536879008, 3187306109
5000, 536879012, 1498580351
5000, 536879016, 3631500798
5000, 536879020, 736154155
5000, 536879024, 1567434549
5000, 536879028, 559718519
5000, 536879032, 3673574065
5000, 536879036, 1094860934
5000, 536879040, 4068387531
5000, 536879044, 718396237
5000, 536879048, 2783910471
5000, 536879052, 1910278954
5000, 536879056, 2902384480
5000, 536879060, 1261273928
5000, 536879064, 3774022000
5000, 536879068, 475307198
5000, 536879072, 4045106539
5000, 536879076, 192455864
5000, 536879080, 2266671494
5000, 536879084, 2174422698
5000, 536879088, 741103173
5000, 536879092, 2934801488
5000, 536879096, 2868884383
5000, 536879100, 3032502919
5000, 536879104, 3801280611
5000, 536879108, 2997070846
5000, 536879112, 953394904
5000, 536879116, 421184982
5000, 536879120, 1973947068
5000, 536879124, 4236398569
5000, 536879128, 737109782
5000, 536879132, 235606075
5000, 536879136, 4227291003
5000, 536879140, 3880705855
5000, 536879144, 3023961546
5000, 536879148, 628289030
5000, 536879152, 1622899438
5000, 536879156, 3409778475
5000, 536879160, 2730895702
5000, 536879164, 3281033372
5000, 536879168, 401982776
5000, 536879172, 1434782641
5000, 536879176, 3215476443
5000, 536879180, 1107449347
5000, 536879184, 3052583095
5000, 536879188, 2188145622
5000, 536879192, 1762790232
5000, 536879196, 3819212568
5000, 536879200, 3220686807
5000, 536879204, 1669996136
5000, 536879208, 4048911755
5000, 536879212, 1544335011
5000, 536879216, 2785144607
5000, 536879220, 2914087002
5000, 536879224, 287839341
5000, 536879228, 2238861489
5000, 536879232, 1263676971
5000, 536879236, 895828443
5000, 536879240, 1333879279
5000, 536879244, 2316905410
5000, 536879248, 3176632691
5000, 536879252, 2763131492
5000, 536879256, 3418045597
5000, 536879260, 2351231545
5000, 536879264, 2632941745
5000, 536879268, 1269701003
5000, 536879272, 3044007356
5000, 536879276, 2349475075
5000, 536879280, 1802140584
5000, 536879284, 2785175376
5000, 536879288, 3067837502
5000, 536879292, 158072978
5000, 536879296, 56558521
5000, 536879300, 910067860
5000, 536879304, 530279117
5000, 536879308, 2745803759
5000, 536879312, 194629373
5000, 536879316, 595988981
5000, 536879320, 2391537295
5000, 536879324, 1242108763
5000, 536879328, 3486942124
5000, 536879332, 2283411919
5000, 536879336, 2868868771
5000, 536879340, 164208905
5000, 536879344, 3400301744
5000, 536879348, 2457870432
5000, 536879352, 3742881623
5000, 536879356, 812193434
5000, 536879360, 2810768366
5000, 536879364, 2217160160
5000, 536879368, 3734137737
5000, 536879372, 3092500816
5000, 536879376, 3050154440
5000, 536879380, 1343412934
5000, 536879384, 1131471577
5000, 536879388, 533301797
5000, 536879392, 1800525532
5000, 536879396, 2751926559
5000, 536879400, 2649623075
5000, 536879404, 1461989649
5000, 536879408, 1425499565
5000, 536879412, 3537620130
5000, 536879416, 1269843687
5000, 536879420, 2360459998
5000, 536879424, 3307819511
5000, 536879428, 1653271120
5000, 536879432, 2278375008
5000, 536879436, 675430768
5000, 536879440, 3601136680
5000, 536879444, 2982895714
5000, 536879448, 1937947444
5000, 536879452, 2312388768
5000, 536879456, 3041776847
5000, 536879460, 1922665125
5000, 536879464, 3092151524
5000, 536879468, 3662227627
5000, 536879472, 3522717114
5000, 536879476, 1483083683
5000, 536879480, 3346435823
5000, 536879484, 3766572693
5000, 536879488, 612209543
5000, 536879492, 3686022244
5000, 536879496, 4147874440
5000, 536879500, 817271030
5000, 536879504, 2932987771
5000, 536879508, 37085676
5000, 536879512, 3247452702
5000, 536879516, 71645126
5000, 536879520, 3151491079
5000, 536879524, 826386223
5000, 536879528, 3025638900
5000, 536879532, 1191002301
5000, 536879536, 3722800438
5000, 536879540, 2648939328
5000, 536879544, 656118327
5000, 536879548, 2153845274
5000, 536879552, 4167562264
5000, 536879556, 3124488054
5000, 536879560, 2948495090
5000, 536879564, 90518048
5000, 536879568, 3349553520
5000, 536879572, 354752745
5000, 536879576, 4116324770
5000, 536879580, 1110881588
5000, 536879584, 4159566801
5000, 536879588, 451715597
5000, 536879592, 2306539067
5000, 536879596, 1826148881
5000, 536879600, 1692941646
5000, 536879604, 2582494703
5000, 536879608, 3860046198
5000, 536879612, 2311661623
5000, 536879616, 2276630310
5000, 536879620, 732517187
5000, 536879624, 888830198
5000, 536879628, 1948535488
5000, 536879632, 515893970
5000, 536879636, 667341372
5000, 536879640, 730187226
5000, 536879644, 2726606636
5000, 536879648, 3245139768
5000, 536879652, 1696015945
5000, 536879656, 439612338
5000, 536879660, 3456661039
5000, 536879664, 3062145917
5000, 536879668, 2697192048
5000, 536879672, 1838345195
5000, 536879676, 20138855
5000, 536879680, 2143343810
5000, 536879684, 251295214
5000, 536879688, 2124402675
5000, 536879692, 633397350
5000, 536879696, 1226614623
5000, 536879700, 1221075726
5000, 536879704, 1592229739
5000, 536879708, 313039119
5000, 536879712, 2075913208
5000, 536879716, 2124243110
5000, 536879720, 2126215148
5000, 536879724, 1169329184
5000, 536879728, 2680384949
5000, 536879732, 3870400609
5000, 536879736, 788360633
5000, 536879740, 676926030
5000, 536879744, 493379709
5000, 536879748, 2924936589
5000, 536879752, 2490339745
5000, 536879756, 3115574609
5000, 536879760, 2922590113
5000, 536879764, 1234168281
5000, 536879768, 2127527902
5000, 536879772, 49359790
5000, 536879776, 1522067145
5000, 536879780, 2687304640
5000, 536879784, 3161136783
5000, 536879788, 559589536
5000, 536879792, 2372217142
5000, 536879796, 2829577312
5000, 536879800, 3820951531
5000, 536879804, 606704714
5000, 536879808, 301289438
5000, 536879812, 2506335486
5000, 536879816, 3589038897
5000, 536879820, 3367694086
5000, 536879824, 711075254
5000, 536879828, 88882520
5000, 536879832, 1505737400
5000, 536879836, 1889004064
5000, 536879840, 3693526567
5000, 536879844, 4047541842
5000, 536879848, 1047390547
5000, 536879852, 613000521
5000, 536879856, 3773851473
5000, 536879860, 2382407088
5000, 536879864, 2197708538
5000, 536879868, 1711556992
5000, 536879872, 3515743516
5000, 536879876, 3643834674
5000, 536879880, 981263607
5000, 536879884, 1275683585
5000, 536879888, 761937383
5000, 536879892, 974555504
5000, 536879896, 325566245
5000, 536879900, 3685472590
5000, 536879904, 3402127678
5000, 536879908, 483924003
5000, 536879912, 3001913356
5000, 536879916, 1799981188
5000, 536879920, 781082390
5000, 536879924, 689808403
5000, 536879928, 4140890632
5000, 536879932, 1328313871
5000, 536879936, 1856503581
5000, 536879940, 1260143043
5000, 536879944, 2928664319
5000, 536879948, 680023341
5000, 536879952, 1038698424
5000, 536879956, 2177776658
5000, 536879960, 496238307
5000, 536879964, 140624136
5000, 536879968, 4129782502
5000, 536879972, 3863559952
5000, 536879976, 2697435376
5000, 536879980, 4043277424
5000, 536879984, 1467731597
5000, 536879988, 2532744405
5000, 536879992, 4129239637
5000, 536879996, 472392168
5000, 536880000, 945193304
5000, 536880004, 893471327
5000, 536880008, 1392715119
5000, 536880012, 2973504288
5000, 536880016, 1107778390
5000, 536880020, 3527787708
5000, 536880024, 1541311167
5000, 536880028, 94925190
5000, 536880032, 4240145971
5000, 536880036, 1396948293
5000, 536880040, 1182214055
5000, 536880044, 3637912661
5000, 536880048, 3293228345
5000, 536880052, 3901550746
5000, 536880056, 4078544701
5000, 536880060, 520506449
5000, 536880064, 3152682085
5000, 536880068, 589305308
5000, 536880072, 1385816687
5000, 536880076, 3897657180
5000, 536880080, 967239642
5000, 536880084, 876696603
5000, 536880088, 2413437631
5000, 536880092, 1462912035
5000, 536880096, 812729871
5000, 536880100, 302468743
5000, 536880104, 1724627837
5000, 536880108, 195849109
5000, 536880112, 2055978427
5000, 536880116, 1120297070
5000, 536880120, 3867796398
5000, 536880124, 289805914
5000, 536880128, 2880750007
5000, 536880132, 3195040433
5000, 536880136, 1811129363
5000, 536880140, 4233833036
5000, 536880144, 1838900969
5000, 536880148, 434610880
5000, 536880152, 2103722217
5000, 536880156, 1251757335
5000, 536880160, 1043553212
5000, 536880164, 4082674708
5000, 536880168, 1435492457
5000, 536880172, 2213831029
5000, 536880176, 1190484853
5000, 536880180, 1739868641
5000, 536880184, 3358432162
5000, 536880188, 94283337
5000, 536880192, 1604744102
5000, 536880196, 459029914
5000, 536880200, 3472306703
5000, 536880204, 3606397816
5000, 536880208, 3437742995
5000, 536880212, 245662190
5000, 536880216, 1959136234
5000, 536880220, 649831817
5000, 536880224, 492066716
5000, 536880228, 732547142
5000, 536880232, 1383969099
5000, 536880236, 2729192969
5000, 536880240, 2521881261
5000, 536880244, 266929189
5000, 536880248, 816734772
5000, 536880252, 2335584365
5000, 536880256, 2426083020
5000, 536880260, 2201591185
5000, 536880264, 2952576701
5000, 536880268, 2122624328
5000, 536880272, 3571834297
5000, 536880276, 1287719391
5000, 536880280, 4131963255
5000, 536880284, 1671812127
5000, 536880288, 1501001374
5000, 536880292, 1131987168
5000, 536880296, 755987683
5000, 536880300, 2910847685
5000, 536880304, 789727916
5000, 536880308, 1750003598
5000, 536880312, 1466503470
5000, 536880316, 540140110
5000, 536880320, 2516130013
5000, 536880324, 3609526170
5000, 536880328, 1842180447
5000, 536880332, 1436539060
5000, 536880336, 1251355641
5000, 536880340, 2066345230
5000, 536880344, 3212822496
5000, 536880348, 1042096180
5000, 536880352, 1836407615
5000, 536880356, 1198811492
5000, 536880360, 3682395990
5000, 536880364, 3436596118
5000, 536880368, 3757853855
5000, 536880372, 3296675111
5000, 536880376, 414629425
5000, 536880380, 578846742
5000, 536880384, 211073741
5000, 536880388, 1211698582
5000, 536880392, 2677911863
5000, 536880396, 1058349285
5000, 536880400, 2799583190
5000, 536880404, 3900853195
5000, 536880408, 1054320251
5000, 536880412, 1640049220
5000, 536880416, 1867865993
5000, 536880420, 609277432
5000, 536880424, 1517079519
5000, 536880428, 3332661570
5000, 536880432, 2475702463
5000, 536880436, 884625698
5000, 536880440, 125679389
5000, 536880444, 767664714
5000, 536880448, 732837536
5000, 536880452, 749574532
5000, 536880456, 3258424369
5000, 536880460, 575071441
5000, 536880464, 3404883257
5000, 536880468, 817994179
5000, 536880472, 3014514530
5000, 536880476, 220114428
5000, 536880480, 3610164574
5000, 536880484, 3310332696
5000, 536880488, 1766036999
5000, 536880492, 757731974
5000, 536880496, 3401679266
5000, 536880500, 253375578
5000, 536880504, 2793663367
5000, 536880508, 2686662135
5000, 536880512, 2771442677
5000, 536880516, 2181349009
5000, 536880520, 2331850152
5000, 536880524, 3453226409
5000, 536880528, 2581622334
5000, 536880532, 155221649
5000, 536880536, 131865441
5000, 536880540, 314521083
5000, 536880544, 2828868079
5000, 536880548, 2573111135
5000, 536880552, 2309791412
5000, 536880556, 1393615116
5000, 536880560, 1242300088
5000, 536880564, 2857691014
5000, 536880568, 1053325703
5000, 536880572, 673325920
5000, 536880576, 1521729988
5000, 536880580, 1110398119
5000, 536880584, 3002960310
5000, 536880588, 3050721462
5000, 536880592, 148635196
5000, 536880596, 2472748658
5000, 536880600, 3433195230
5000, 536880604, 1125840396
5000, 536880608, 1256565492
5000, 536880612, 4267652761
5000, 536880616, 235590109
5000, 536880620, 1634534086
5000, 536880624, 4290469049
5000, 536880628, 1766235034
5000, 536880632, 2851355076
5000, 536880636, 2759986087
5000, 536880640, 3375269009
5000, 536880644, 3230633908
5000, 536880648, 3408871487
5000, 536880652, 3993042951
5000, 536880656, 3625065456
5000, 536880660, 4281838673
5000, 536880664, 2575003194
5000, 536880668, 3934008258
5000, 536880672, 1851881332
5000, 536880676, 3161250041
5000, 536880680, 783154911
5000, 536880684, 1063049763
5000, 536880688, 2145605563
5000, 536880692, 260995150
5000, 536880696, 4029644264
5000, 536880700, 2274104024
5000, 536880704, 2415603255
5000, 536880708, 2220975514
5000, 536880712, 3135339345
5000, 536880716, 493951027
5000, 536880720, 1067184127
5000, 536880724, 3333395603
5000, 536880728, 540661655
5000, 536880732, 2183592509
5000, 536880736, 214101118
5000, 536880740, 2282141138
5000, 536880744, 3238780399
5000, 536880748, 194549549
5000, 536880752, 1937701859
5000, 536880756, 4179332095
5000, 536880760, 3190105320
5000, 536880764, 1812044497
5000, 536880768, 989523521
5000, 536880772, 2385314144
5000, 536880776, 3497559128
5000, 536880780, 3835165826
5000, 536880784, 1591066079
5000, 536880788, 2684420312
5000, 536880792, 1891882771
5000, 536880796, 3724644688
5000, 536880800, 4074151257
5000, 536880804, 1524890199
5000, 536880808, 362249155
5000, 536880812, 1702946042
5000, 536880816, 2640781411
5000, 536880820, 461025632
5000, 536880824, 2086993402
5000, 536880828, 1765753434
5000, 536880832, 3337868181
5000, 536880836, 3475854031
5000, 536880840, 2071823479
5000, 536880844, 72400390
5000, 536880848, 2831536093
5000, 536880852, 199891386
5000, 536880856, 2607898227
5000, 536880860, 2173997966
5000, 536880864, 1844999122
5000, 536880868, 672056342
5000, 536880872, 3618699747
5000, 536880876, 1418483342
5000, 536880880, 468775773
5000, 536880884, 3234907692
5000, 536880888, 3113760086
5000, 536880892, 1087969063
5000, 536880896, 1733758682
5000, 536880900, 1310923364
5000, 536880904, 367988873
5000, 536880908, 272807573
5000, 536880912, 3802554220
