5000, 536870912, 72000000
5000, 536870916, 9698
5000, 536870920, 72
5000, 536870924, 69
5000, 536870928, 69
5000, 536870932, 0
5000, 536870936, 4294967295
5000, 536870940, 4294967295
5000, 536870944, 4294967295
5000, 536870948, 0
5000, 536870952, 0
5000, 536870956, 0
5000, 536870960, 0
5000, 536870964, 0
5000, 536870968, 536870912
5000, 536870972, 1734307942
5000, 536870976, 1394634341
5000, 536870980, 842222932
5000, 536870984, 808530208
5000, 536870988, 807415857
5000, 536870992, 1711943712
5000, 536870996, 1701273456
5000, 536871000, 1414733934
5000, 536871004, 540160845
5000, 536871008, 825241905
5000, 536871012, 540024880
5000, 536871016, 1885735472
5000, 536871020, 1852139359
5000, 536871024, 1297371936
5000, 536871028, 824193587
5000, 536871032, 825241653
5000, 536871036, 807415840
5000, 536871040, 10
5000, 536871044, 0
5000, 536871048, 0
5000, 536871052, 0
5000, 536871056, 0
5000, 536871060, 0
5000, 536871064, 0
5000, 536871068, 0
5000, 536871072, 0
5000, 536871076, 0
5000, 536871080, 0
5000, 536871084, 0
5000, 536871088, 0
5000, 536871092, 0
5000, 536871096, 0
5000, 536871100, 1073821696
5000, 536871104, 115200
5000, 536871108, 0
5000, 536871112, 0
5000, 536871116, 0
5000, 536871120, 12
5000, 536871124, 0
5000, 536871128, 0
5000, 536871132, 0
5000, 536871136, 1
5000, 536871140, 0
5000, 536871144, 1
5000, 536871148, 0
5000, 536871152, 0
5000, 536871156, 256
5000, 536871160, 0
5000, 536871164, 1885741088
5000, 536871168, 1852139359
5000, 536871172, 1885741114
5000, 536871176, 1852139359
5000, 536871180, 1297371936
5000, 536871184, 539898419
5000, 536871188, 1701733703
5000, 536871192, 1702125938
5000, 536871196, 1769104928
5000, 536871200, 1919248238
5000, 536871204, 1852404336
5000, 536871208, 1633951860
5000, 536871212, 1713398132
5000, 536871216, 1931506287
5000, 536871220, 1768121712
5000, 536871224, 543385958
5000, 536871228, 1952541808
5000, 536871232, 1836216166
5000, 536871236, 667251
5000, 536871240, 0
5000, 536871244, 0
5000, 536871248, 0
5000, 536871252, 0
5000, 536871256, 0
5000, 536871260, 0
5000, 536871264, 0
5000, 536871268, 0
5000, 536871272, 0
5000, 536871276, 0
5000, 536871280, 0
5000, 536871284, 0
5000, 536871288, 0
5000, 536871292, 0
5000, 536871296, 0
5000, 536871300, 0
5000, 536871304, 0
5000, 536871308, 0
5000, 536871312, 0
5000, 536871316, 0
5000, 536871320, 0
5000, 536871324, 0
5000, 536871328, 0
5000, 536871332, 0
5000, 536871336, 0
5000, 536871340, 0
5000, 536871344, 0
5000, 536871348, 0
5000, 536871352, 0
5000, 536871356, 0
5000, 536871360, 0
5000, 536871364, 0
5000, 536871368, 0
5000, 536871372, 0
5000, 536871376, 0
5000, 536871380, 0
5000, 536871384, 0
5000, 536871388, 0
5000, 536871392, 0
5000, 536871396, 0
5000, 536871400, 0
5000, 536871404, 0
5000, 536871408, 0
5000, 536871412, 0
5000, 536871416, 0
5000, 536871420, 23
5000, 536871424, 1734307942
5000, 536871428, 1392537189
5000, 536871432, 842222932
5000, 536871436, 808792320
5000, 536871440, 805318960
5000, 536871444, 12288
5000, 536871448, 0
5000, 536871452, 0
5000, 536871456, 0
5000, 536871460, 0
5000, 536871464, 0
5000, 536871468, 0
5000, 536871472, 0
5000, 536871476, 0
5000, 536871480, 0
5000, 536871484, 0
5000, 536871488, 0
5000, 536871492, 0
5000, 536871496, 0
5000, 536871500, 0
5000, 536871504, 0
5000, 536871508, 0
5000, 536871512, 0
5000, 536871516, 0
5000, 536871520, 0
5000, 536871524, 0
5000, 536871528, 0
5000, 536871532, 0
5000, 536871536, 0
5000, 536871540, 0
5000, 536871544, 0
5000, 536871548, 0
5000, 536871552, 0
5000, 536871556, 0
5000, 536871560, 0
5000, 536871564, 0
5000, 536871568, 0
5000, 536871572, 0
5000, 536871576, 0
5000, 536871580, 0
5000, 536871584, 0
5000, 536871588, 0
5000, 536871592, 0
5000, 536871596, 0
5000, 536871600, 1073754112
5000, 536871604, 6
5000, 536871608, 30000
5000, 536871612, 256
5000, 536871616, 0
5000, 536871620, 0
5000, 536871624, 0
5000, 536871628, 0
5000, 536871632, 0
5000, 536871636, 0
5000, 536871640, 0
5000, 536871644, 0
5000, 536871648, 0
5000, 536871652, 0
5000, 536871656, 0
5000, 536871660, 0
5000, 536871664, 0
5000, 536871668, 0
5000, 536871672, 0
5000, 536871676, 0
5000, 536871680, 0
5000, 536871684, 0
5000, 536871688, 0
5000, 536871692, 0
5000, 536871696, 0
5000, 536871700, 0
5000, 536871704, 0
5000, 536871708, 0
5000, 536871712, 0
5000, 536871716, 0
5000, 536871720, 0
5000, 536871724, 2890943642
5000, 536871728, 62304037
5000, 536871732, 3500594508
5000, 536871736, 923430680
5000, 536871740, 3275905189
5000, 536871744, 3742574864
5000, 536871748, 179062067
5000, 536871752, 2793842224
5000, 536871756, 1927587342
5000, 536871760, 4022461962
5000, 536871764, 2720884555
5000, 536871768, 3738907896
5000, 536871772, 2030018042
5000, 536871776, 3743411034
5000, 536871780, 570819496
5000, 536871784, 2033392333
5000, 536871788, 309288112
5000, 536871792, 4030681266
5000, 536871796, 1316596616
5000, 536871800, 560516127
5000, 536871804, 1871346069
5000, 536871808, 2864240811
5000, 536871812, 1833873868
5000, 536871816, 1912608205
5000, 536871820, 2592517039
5000, 536871824, 2480382948
5000, 536871828, 2019481972
5000, 536871832, 694324279
5000, 536871836, 2039301531
5000, 536871840, 3825459795
5000, 536871844, 708958046
5000, 536871848, 478394353
5000, 536871852, 894307395
5000, 536871856, 985734939
5000, 536871860, 148092408
5000, 536871864, 3930452040
5000, 536871868, 3967787443
5000, 536871872, 2270586699
5000, 536871876, 3355719938
5000, 536871880, 620630541
5000, 536871884, 1064098704
5000, 536871888, 391793347
5000, 536871892, 4284409108
5000, 536871896, 3002708388
5000, 536871900, 3743576221
5000, 536871904, 3770597033
5000, 536871908, 2053307512
5000, 536871912, 300451398
5000, 536871916, 4237828242
5000, 536871920, 2627307859
5000, 536871924, 1175289302
5000, 536871928, 2492063040
5000, 536871932, 1280715609
5000, 536871936, 774866400
5000, 536871940, 3327534501
5000, 536871944, 536871892
5000, 536871948, 536871768
5000, 536871952, 0
5000, 536871956, 0
5000, 536871960, 0
5000, 536871964, 0
5000, 536871968, 0
5000, 536871972, 0
5000, 536871976, 0
5000, 536871980, 0
5000, 536871984, 0
5000, 536871988, 134246809
5000, 536871992, 0
5000, 536871996, 134246780
5000, 536872000, 0
5000, 536872004, 0
5000, 536872008, 0
5000, 536872012, 0
5000, 536872016, 0
5000, 536872020, 0
5000, 536872024, 0
5000, 536872028, 0
5000, 536872032, 0
5000, 536872036, 0
5000, 536872040, 536871952
5000, 536872044, 134218337
5000, 536872048, 0
5000, 536872052, 0
5000, 536872056, 0
5000, 536872060, 0
5000, 536872064, 0
5000, 536872068, 0
5000, 536872072, 0
5000, 536872076, 0
5000, 536872080, 0
5000, 536872084, 0
5000, 536872088, 0
5000, 536872092, 0
5000, 536872096, 0
5000, 536872100, 0
5000, 536872104, 0
5000, 536872108, 0
5000, 536872112, 0
5000, 536872116, 0
5000, 536872120, 0
5000, 536872124, 0
5000, 536872128, 0
5000, 536872132, 0
5000, 536872136, 0
5000, 536872140, 0
5000, 536872144, 0
5000, 536872148, 0
5000, 536872152, 0
5000, 536872156, 0
5000, 536872160, 0
5000, 536872164, 0
5000, 536872168, 0
5000, 536872172, 0
5000, 536872176, 0
5000, 536872180, 0
5000, 536872184, 0
5000, 536872188, 0
5000, 536872192, 0
5000, 536872196, 0
5000, 536872200, 0
5000, 536872204, 0
5000, 536872208, 0
5000, 536872212, 0
5000, 536872216, 0
5000, 536872220, 0
5000, 536872224, 0
5000, 536872228, 0
5000, 536872232, 0
5000, 536872236, 0
5000, 536872240, 0
5000, 536872244, 0
5000, 536872248, 0
5000, 536872252, 0
5000, 536872256, 0
5000, 536872260, 0
5000, 536872264, 0
5000, 536872268, 0
5000, 536872272, 0
5000, 536872276, 0
5000, 536872280, 0
5000, 536872284, 0
5000, 536872288, 0
5000, 536872292, 0
5000, 536872296, 0
5000, 536872300, 0
5000, 536872304, 0
5000, 536872308, 0
5000, 536872312, 0
5000, 536872316, 0
5000, 536872320, 0
5000, 536872324, 0
5000, 536872328, 0
5000, 536872332, 0
5000, 536872336, 0
5000, 536872340, 0
5000, 536872344, 0
5000, 536872348, 0
5000, 536872352, 0
5000, 536872356, 0
5000, 536872360, 0
5000, 536872364, 0
5000, 536872368, 0
5000, 536872372, 0
5000, 536872376, 0
5000, 536872380, 0
5000, 536872384, 0
5000, 536872388, 0
5000, 536872392, 0
5000, 536872396, 0
5000, 536872400, 0
5000, 536872404, 0
5000, 536872408, 0
5000, 536872412, 0
5000, 536872416, 0
5000, 536872420, 0
5000, 536872424, 0
5000, 536872428, 0
5000, 536872432, 0
5000, 536872436, 0
5000, 536872440, 0
5000, 536872444, 0
5000, 536872448, 0
5000, 536872452, 0
5000, 536872456, 0
5000, 536872460, 0
5000, 536872464, 0
5000, 536872468, 0
5000, 536872472, 0
5000, 536872476, 0
5000, 536872480, 0
5000, 536872484, 0
5000, 536872488, 0
5000, 536872492, 0
5000, 536872496, 0
5000, 536872500, 0
5000, 536872504, 0
5000, 536872508, 0
5000, 536872512, 0
5000, 536872516, 0
5000, 536872520, 0
5000, 536872524, 0
5000, 536872528, 0
5000, 536872532, 0
5000, 536872536, 0
5000, 536872540, 0
5000, 536872544, 0
5000, 536872548, 0
5000, 536872552, 0
5000, 536872556, 0
5000, 536872560, 0
5000, 536872564, 0
5000, 536872568, 0
5000, 536872572, 0
5000, 536872576, 0
5000, 536872580, 0
5000, 536872584, 0
5000, 536872588, 0
5000, 536872592, 0
5000, 536872596, 0
5000, 536872600, 0
5000, 536872604, 0
5000, 536872608, 0
5000, 536872612, 0
5000, 536872616, 0
5000, 536872620, 0
5000, 536872624, 0
5000, 536872628, 0
5000, 536872632, 0
5000, 536872636, 0
5000, 536872640, 0
5000, 536872644, 0
5000, 536872648, 0
5000, 536872652, 0
5000, 536872656, 0
5000, 536872660, 0
5000, 536872664, 0
5000, 536872668, 0
5000, 536872672, 0
5000, 536872676, 0
5000, 536872680, 0
5000, 536872684, 0
5000, 536872688, 0
5000, 536872692, 0
5000, 536872696, 0
5000, 536872700, 0
5000, 536872704, 0
5000, 536872708, 0
5000, 536872712, 0
5000, 536872716, 0
5000, 536872720, 0
5000, 536872724, 0
5000, 536872728, 0
5000, 536872732, 0
5000, 536872736, 0
5000, 536872740, 0
5000, 536872744, 0
5000, 536872748, 0
5000, 536872752, 0
5000, 536872756, 0
5000, 536872760, 0
5000, 536872764, 0
5000, 536872768, 0
5000, 536872772, 0
5000, 536872776, 0
5000, 536872780, 0
5000, 536872784, 0
5000, 536872788, 0
5000, 536872792, 0
5000, 536872796, 0
5000, 536872800, 0
5000, 536872804, 0
5000, 536872808, 0
5000, 536872812, 0
5000, 536872816, 0
5000, 536872820, 0
5000, 536872824, 0
5000, 536872828, 0
5000, 536872832, 0
5000, 536872836, 0
5000, 536872840, 0
5000, 536872844, 0
5000, 536872848, 0
5000, 536872852, 0
5000, 536872856, 0
5000, 536872860, 0
5000, 536872864, 0
5000, 536872868, 0
5000, 536872872, 0
5000, 536872876, 0
5000, 536872880, 0
5000, 536872884, 0
5000, 536872888, 0
5000, 536872892, 0
5000, 536872896, 0
5000, 536872900, 0
5000, 536872904, 0
5000, 536872908, 0
5000, 536872912, 0
5000, 536872916, 0
5000, 536872920, 0
5000, 536872924, 0
5000, 536872928, 0
5000, 536872932, 0
5000, 536872936, 0
5000, 536872940, 0
5000, 536872944, 0
5000, 536872948, 0
5000, 536872952, 0
5000, 536872956, 0
5000, 536872960, 0
5000, 536872964, 0
5000, 536872968, 0
5000, 536872972, 0
5000, 536872976, 0
5000, 536872980, 0
5000, 536872984, 0
5000, 536872988, 0
5000, 536872992, 536873080
5000, 536872996, 4294967295
5000, 536873000, 0
5000, 536873004, 134220713
5000, 536873008, 536873080
5000, 536873012, 100
5000, 536873016, 536873444
5000, 536873020, 0
5000, 536873024, 536873504
5000, 536873028, 536873444
5000, 536873032, 0
5000, 536873036, 128
5000, 536873040, 0
5000, 536873044, 65535
5000, 536873048, 0
5000, 536873052, 134233825
5000, 536873056, 134233950
5000, 536873060, 1090519040
5000, 536873064, 536871100
5000, 536873068, 536873129
5000, 536873072, 1
5000, 536873076, 0
5000, 536873080, 4096
5000, 536873084, 65535
5000, 536873088, 134246768
5000, 536873092, 134232553
5000, 536873096, 18
5000, 536873100, 17
5000, 536873104, 536873160
5000, 536873108, 1
5000, 536873112, 1
5000, 536873116, 5
5000, 536873120, 134246768
5000, 536873124, 134241553
5000, 536873128, 10
5000, 536873132, 134241661
5000, 536873136, 536873432
5000, 536873140, 134235936
5000, 536873144, 1010
5000, 536873148, 1
5000, 536873152, 536873504
5000, 536873156, 134238243
5000, 536873160, 1768843590
5000, 536873164, 1411410035
5000, 536873168, 980120417
5000, 536873172, 825241888
5000, 536873176, 2608
5000, 536873180, 0
5000, 536873184, 0
5000, 536873188, 0
5000, 536873192, 0
5000, 536873196, 0
5000, 536873200, 0
5000, 536873204, 0
5000, 536873208, 0
5000, 536873212, 0
5000, 536873216, 0
5000, 536873220, 0
5000, 536873224, 0
5000, 536873228, 0
5000, 536873232, 0
5000, 536873236, 0
5000, 536873240, 0
5000, 536873244, 0
5000, 536873248, 0
5000, 536873252, 0
5000, 536873256, 10479
5000, 536873260, 64
5000, 536873264, 0
5000, 536873268, 65535
5000, 536873272, 16843009
5000, 536873276, 134233853
5000, 536873280, 134227724
5000, 536873284, 16777216
5000, 536873288, 536871100
5000, 536873292, 536873353
5000, 536873296, 1
5000, 536873300, 0
5000, 536873304, 4096
5000, 536873308, 65535
5000, 536873312, 65535
5000, 536873316, 134232553
5000, 536873320, 12
5000, 536873324, 11
5000, 536873328, 536873392
5000, 536873332, 2
5000, 536873336, 0
5000, 536873340, 5
5000, 536873344, 5
5000, 536873348, 134241553
5000, 536873352, 8
5000, 536873356, 134241687
5000, 536873360, 12
5000, 536873364, 536873360
5000, 536873368, 536873504
5000, 536873372, 536873368
5000, 536873376, 0
5000, 536873380, 10000
5000, 536873384, 536870912
5000, 536873388, 134237431
5000, 536873392, 5000
5000, 536873396, 536873392
5000, 536873400, 536873392
5000, 536873404, 536873504
5000, 536873408, 5
5000, 536873412, 5001
5000, 536873416, 1
5000, 536873420, 536873504
5000, 536873424, 5
5000, 536873428, 134246768
5000, 536873432, 0
5000, 536873436, 134237899
5000, 536873440, 0
5000, 536873444, 134246280
5000, 536873448, 5001
5000, 536873452, 134236077
5000, 536873456, 536873504
5000, 536873460, 5
5000, 536873464, 0
5000, 536873468, 536873504
5000, 536873472, 0
5000, 536873476, 65535
5000, 536873480, 134246768
5000, 536873484, 134241433
5000, 536873488, 536871420
5000, 536873492, 23
5000, 536873496, 0
5000, 536873500, 134241187
5000, 536873504, 536871424
5000, 536873508, 536871431
5000, 536873512, 134237900
5000, 536873516, 134237900
5000, 536873520, 134237904
5000, 536873524, 0
5000, 536873528, 0
5000, 536873532, 65535
5000, 536873536, 134246768
5000, 536873540, 134241553
5000, 536873544, 10
5000, 536873548, 536870948
5000, 536873552, 536871952
5000, 536873556, 0
5000, 536873560, 0
5000, 536873564, 134240745
5000, 536873568, 0
5000, 536873572, 134238283
5000, 536873576, 0
5000, 536873580, 134218347
5000, 536873584, 3690111805
5000, 536873588, 1319283238
5000, 536873592, 3011982211
5000, 536873596, 3620016535
5000, 536873600, 574497532
5000, 536873604, 771716108
5000, 536873608, 400866789
5000, 536873612, 956140668
5000, 536873616, 3681332202
5000, 536873620, 3597929436
5000, 536873624, 384026085
5000, 536873628, 3051677581
5000, 536873632, 426270390
5000, 536873636, 1224593749
5000, 536873640, 1972727765
5000, 536873644, 1285046914
5000, 536873648, 2198776624
5000, 536873652, 1867259225
5000, 536873656, 1394204670
5000, 536873660, 1480756972
5000, 536873664, 2203650008
5000, 536873668, 3255446194
5000, 536873672, 3865930473
5000, 536873676, 3904146263
5000, 536873680, 3080070876
5000, 536873684, 18264185
5000, 536873688, 2872688163
5000, 536873692, 1535419184
5000, 536873696, 2924813781
5000, 536873700, 3725550542
5000, 536873704, 1479044427
5000, 536873708, 472671644
5000, 536873712, 1562194286
5000, 536873716, 3467421691
5000, 536873720, 1313449995
5000, 536873724, 3480552654
5000, 536873728, 2292437949
5000, 536873732, 1547649877
5000, 536873736, 123006453
5000, 536873740, 1047459910
5000, 536873744, 3948405329
5000, 536873748, 1532673817
5000, 536873752, 990535429
5000, 536873756, 1006345875
5000, 536873760, 797510400
5000, 536873764, 3137802968
5000, 536873768, 3714644085
5000, 536873772, 369273525
5000, 536873776, 3732556008
5000, 536873780, 340976715
5000, 536873784, 3430536694
5000, 536873788, 4216747944
5000, 536873792, 1035955093
5000, 536873796, 1769763801
5000, 536873800, 2282587322
5000, 536873804, 158929239
5000, 536873808, 3586470228
5000, 536873812, 1005335504
5000, 536873816, 2581657811
5000, 536873820, 2373202517
5000, 536873824, 3520355318
5000, 536873828, 3400736180
5000, 536873832, 682148440
5000, 536873836, 966387516
5000, 536873840, 1036996701
5000, 536873844, 2936732635
5000, 536873848, 2281114280
5000, 536873852, 4049599508
5000, 536873856, 1073609506
5000, 536873860, 114630595
5000, 536873864, 1304484505
5000, 536873868, 401574602
5000, 536873872, 239270952
5000, 536873876, 1472533891
5000, 536873880, 1950709007
5000, 536873884, 3913266979
5000, 536873888, 36561131
5000, 536873892, 1600865661
5000, 536873896, 2379569105
5000, 536873900, 3484337068
5000, 536873904, 3928091081
5000, 536873908, 1952275404
5000, 536873912, 3880601063
5000, 536873916, 2992805504
5000, 536873920, 55732053
5000, 536873924, 3270936073
5000, 536873928, 1804249762
5000, 536873932, 3990104686
5000, 536873936, 2099990735
5000, 536873940, 1801479462
5000, 536873944, 2901248602
5000, 536873948, 3615304054
5000, 536873952, 4014661287
5000, 536873956, 716841974
5000, 536873960, 3942212252
5000, 536873964, 1212120380
5000, 536873968, 3822176153
5000, 536873972, 3919676216
5000, 536873976, 3938756960
5000, 536873980, 1406502525
5000, 536873984, 313949849
5000, 536873988, 3023268081
5000, 536873992, 1908877026
5000, 536873996, 408888545
5000, 536874000, 2733343438
5000, 536874004, 1984268235
5000, 536874008, 2999279207
5000, 536874012, 4204977858
5000, 536874016, 2662929963
5000, 536874020, 3034676935
5000, 536874024, 3589062952
5000, 536874028, 3191980787
5000, 536874032, 3356528526
5000, 536874036, 3444856572
5000, 536874040, 3413424279
5000, 536874044, 2188281872
5000, 536874048, 1564839731
5000, 536874052, 1782788650
5000, 536874056, 1350704266
5000, 536874060, 264903306
5000, 536874064, 3294418307
5000, 536874068, 2771843882
5000, 536874072, 2316039598
5000, 536874076, 1007620570
5000, 536874080, 1103450300
5000, 536874084, 2209551293
5000, 536874088, 553249762
5000, 536874092, 2205666257
5000, 536874096, 2545146178
5000, 536874100, 2975060718
5000, 536874104, 2699901882
5000, 536874108, 2503594157
5000, 536874112, 3137233445
5000, 536874116, 278741029
5000, 536874120, 2522774314
5000, 536874124, 4155326373
5000, 536874128, 2797041454
5000, 536874132, 646206937
5000, 536874136, 1180002948
5000, 536874140, 2832621780
5000, 536874144, 3837404083
5000, 536874148, 2732924917
5000, 536874152, 2273785803
5000, 536874156, 2854567915
5000, 536874160, 648215200
5000, 536874164, 1279311533
5000, 536874168, 3374663102
5000, 536874172, 3375018422
5000, 536874176, 2137548022
5000, 536874180, 1798276276
5000, 536874184, 976274083
5000, 536874188, 393561459
5000, 536874192, 3596740193
5000, 536874196, 574369772
5000, 536874200, 318710383
5000, 536874204, 1986843469
5000, 536874208, 2012509554
5000, 536874212, 2091941171
5000, 536874216, 3426609163
5000, 536874220, 3595916353
5000, 536874224, 2219907162
5000, 536874228, 3533847534
5000, 536874232, 3953831079
5000, 536874236, 868384238
5000, 536874240, 4245405498
5000, 536874244, 237502349
5000, 536874248, 3178755925
5000, 536874252, 2548195435
5000, 536874256, 1068031852
5000, 536874260, 3309293532
5000, 536874264, 1583699182
5000, 536874268, 2893644698
5000, 536874272, 3965813411
5000, 536874276, 1568134382
5000, 536874280, 4197537190
5000, 536874284, 280044782
5000, 536874288, 2330112002
5000, 536874292, 1953471298
5000, 536874296, 1517381589
5000, 536874300, 1458494600
5000, 536874304, 3851703675
5000, 536874308, 804874584
5000, 536874312, 2615839094
5000, 536874316, 801310675
5000, 536874320, 4082081627
5000, 536874324, 2148044390
5000, 536874328, 2396699280
5000, 536874332, 474564369
5000, 536874336, 2466099176
5000, 536874340, 3617557482
5000, 536874344, 3130543602
5000, 536874348, 387043064
5000, 536874352, 953998825
5000, 536874356, 2857222598
5000, 536874360, 3355979411
5000, 536874364, 3637274053
5000, 536874368, 3231848186
5000, 536874372, 1190412252
5000, 536874376, 1702207262
5000, 536874380, 1451261774
5000, 536874384, 1728292389
5000, 536874388, 3343162837
5000, 536874392, 4262310513
5000, 536874396, 2357870827
5000, 536874400, 3339172524
5000, 536874404, 1104187633
5000, 536874408, 2961011768
5000, 536874412, 3604549620
5000, 536874416, 4205857332
5000, 536874420, 3548666739
5000, 536874424, 4024331011
5000, 536874428, 3147192611
5000, 536874432, 1436399121
5000, 536874436, 2223783472
5000, 536874440, 1734775529
5000, 536874444, 4016012357
5000, 536874448, 389476773
5000, 536874452, 1086307768
5000, 536874456, 2710616762
5000, 536874460, 130011643
5000, 536874464, 1402404159
5000, 536874468, 1522739341
5000, 536874472, 2980776104
5000, 536874476, 3641888303
5000, 536874480, 79453542
5000, 536874484, 1902209338
5000, 536874488, 2150935212
5000, 536874492, 1634557909
5000, 536874496, 3666110458
5000, 536874500, 4226115198
5000, 536874504, 1897821559
5000, 536874508, 1770267224
5000, 536874512, 2142166557
5000, 536874516, 654021266
5000, 536874520, 3560787825
5000, 536874524, 3963554707
5000, 536874528, 3199982120
5000, 536874532, 972576823
5000, 536874536, 1181732933
5000, 536874540, 836962958
5000, 536874544, 3955218721
5000, 536874548, 1360755816
5000, 536874552, 3285262126
5000, 536874556, 3920996489
5000, 536874560, 3579328188
5000, 536874564, 3384458057
5000, 536874568, 2228395294
5000, 536874572, 3306280245
5000, 536874576, 1620532508
5000, 536874580, 2829258022
5000, 536874584, 2175873739
5000, 536874588, 3584526236
5000, 536874592, 1534272467
5000, 536874596, 2343486340
5000, 536874600, 3807006316
5000, 536874604, 3351811045
5000, 536874608, 4141834085
5000, 536874612, 3404193634
5000, 536874616, 2288962878
5000, 536874620, 1230931731
5000, 536874624, 1722737686
5000, 536874628, 1640916809
5000, 536874632, 662433536
5000, 536874636, 2690597736
5000, 536874640, 37945048
5000, 536874644, 1129192845
5000, 536874648, 2976250079
5000, 536874652, 4196509497
5000, 536874656, 2971765369
5000, 536874660, 3771072363
5000, 536874664, 1662598453
5000, 536874668, 4063821218
5000, 536874672, 3397480122
5000, 536874676, 1964264762
5000, 536874680, 3715210518
5000, 536874684, 4102145834
5000, 536874688, 661507177
5000, 536874692, 582494378
5000, 536874696, 1861909552
5000, 536874700, 662613859
5000, 536874704, 1991580749
5000, 536874708, 3670544431
5000, 536874712, 1559180223
5000, 536874716, 1462548381
5000, 536874720, 2011321193
5000, 536874724, 455138153
5000, 536874728, 3165162223
5000, 536874732, 2515278391
5000, 536874736, 377162380
5000, 536874740, 3010629270
5000, 536874744, 330092285
5000, 536874748, 1126290783
5000, 536874752, 2426872960
5000, 536874756, 3510444353
5000, 536874760, 3855962444
5000, 536874764, 3685333998
5000, 536874768, 3898389181
5000, 536874772, 1890416510
5000, 536874776, 3071917021
5000, 536874780, 808000420
5000, 536874784, 800111314
5000, 536874788, 2585457139
5000, 536874792, 1012793037
5000, 536874796, 2093914861
5000, 536874800, 533589900
5000, 536874804, 390451589
5000, 536874808, 569474159
5000, 536874812, 2467981603
5000, 536874816, 2601590213
5000, 536874820, 3116730250
5000, 536874824, 139222986
5000, 536874828, 1217796588
5000, 536874832, 626863959
5000, 536874836, 4168060454
5000, 536874840, 3408401550
5000, 536874844, 2588726755
5000, 536874848, 2040808188
5000, 536874852, 2592123637
5000, 536874856, 1208584443
5000, 536874860, 1543605757
5000, 536874864, 3468489081
5000, 536874868, 3170689507
5000, 536874872, 2028665530
5000, 536874876, 3782649458
5000, 536874880, 1875212992
5000, 536874884, 1542804137
5000, 536874888, 2976600181
5000, 536874892, 3102742253
5000, 536874896, 2151359299
5000, 536874900, 1666932545
5000, 536874904, 2561893408
5000, 536874908, 3397939325
5000, 536874912, 3135185644
5000, 536874916, 1914520573
5000, 536874920, 1958156137
5000, 536874924, 4146227951
5000, 536874928, 1686564905
5000, 536874932, 1438601333
5000, 536874936, 399455973
5000, 536874940, 1395300529
5000, 536874944, 1362613188
5000, 536874948, 1134603210
5000, 536874952, 1560229955
5000, 536874956, 1785944560
5000, 536874960, 1553835322
5000, 536874964, 4136320178
5000, 536874968, 845644618
5000, 536874972, 3598125238
5000, 536874976, 2724711509
5000, 536874980, 2753431748
5000, 536874984, 2992304803
5000, 536874988, 2220574661
5000, 536874992, 491818183
5000, 536874996, 3187519194
5000, 536875000, 3471553046
5000, 536875004, 2640045305
5000, 536875008, 110543018
5000, 536875012, 515395566
5000, 536875016, 413746227
5000, 536875020, 649111470
5000, 536875024, 3191778357
5000, 536875028, 3178656253
5000, 536875032, 963984422
5000, 536875036, 3032459063
5000, 536875040, 1252703198
5000, 536875044, 1195868661
5000, 536875048, 1404346152
5000, 536875052, 4273605990
5000, 536875056, 2233901972
5000, 536875060, 3357446929
5000, 536875064, 1375458149
5000, 536875068, 3802710537
5000, 536875072, 2173734129
5000, 536875076, 2025687542
5000, 536875080, 4241009468
5000, 536875084, 1495984126
5000, 536875088, 1523198844
5000, 536875092, 1990895754
5000, 536875096, 649700725
5000, 536875100, 1179088405
5000, 536875104, 1845468284
5000, 536875108, 2989411367
5000, 536875112, 1256756455
5000, 536875116, 1335627120
5000, 536875120, 256169079
5000, 536875124, 2187606058
5000, 536875128, 512287483
5000, 536875132, 701612881
5000, 536875136, 1551815062
5000, 536875140, 328093543
5000, 536875144, 2653385921
5000, 536875148, 4270638236
5000, 536875152, 2772555929
5000, 536875156, 2807283783
5000, 536875160, 446010599
5000, 536875164, 988515575
5000, 536875168, 722553097
5000, 536875172, 468618621
5000, 536875176, 3578025361
5000, 536875180, 3081635773
5000, 536875184, 1637674572
5000, 536875188, 3740542541
5000, 536875192, 1733785442
5000, 536875196, 2588290922
5000, 536875200, 3319840339
5000, 536875204, 2662376038
5000, 536875208, 416008606
5000, 536875212, 3688144710
5000, 536875216, 413127050
5000, 536875220, 405029599
5000, 536875224, 2508548913
5000, 536875228, 352695775
5000, 536875232, 21921396
5000, 536875236, 3901238485
5000, 536875240, 2323135218
5000, 536875244, 2845675333
5000, 536875248, 4014863252
5000, 536875252, 4284463360
5000, 536875256, 539290528
5000, 536875260, 3832258544
5000, 536875264, 2774993930
5000, 536875268, 1950306048
5000, 536875272, 695479333
5000, 536875276, 3140103227
5000, 536875280, 2896341102
5000, 536875284, 38732125
5000, 536875288, 1507816680
5000, 536875292, 4195256334
5000, 536875296, 985440394
5000, 536875300, 364146235
5000, 536875304, 309936171
5000, 536875308, 565942664
5000, 536875312, 2652908170
5000, 536875316, 3035447881
5000, 536875320, 1622763165
5000, 536875324, 4035606353
5000, 536875328, 3178389686
5000, 536875332, 512117257
5000, 536875336, 151729927
5000, 536875340, 2102630332
5000, 536875344, 3977656909
5000, 536875348, 2928204349
5000, 536875352, 134900898
5000, 536875356, 273637595
5000, 536875360, 336980589
5000, 536875364, 300317344
5000, 536875368, 56132202
5000, 536875372, 3629863773
5000, 536875376, 391144300
5000, 536875380, 128044833
5000, 536875384, 4239103227
5000, 536875388, 1575833207
5000, 536875392, 4021518793
5000, 536875396, 636646469
5000, 536875400, 1085052261
5000, 536875404, 563650278
5000, 536875408, 2791838646
5000, 536875412, 529880525
5000, 536875416, 4209465343
5000, 536875420, 2902507649
5000, 536875424, 3467804976
5000, 536875428, 3440699333
5000, 536875432, 774037593
5000, 536875436, 495363796
5000, 536875440, 1028055164
5000, 536875444, 1979676720
5000, 536875448, 3454957636
5000, 536875452, 2003464195
5000, 536875456, 3299688924
5000, 536875460, 2820789196
5000, 536875464, 1208628015
5000, 536875468, 1918461382
5000, 536875472, 1519464782
5000, 536875476, 2750067339
5000, 536875480, 955928643
5000, 536875484, 2986259971
5000, 536875488, 4191642973
5000, 536875492, 2307039366
5000, 536875496, 1682677992
5000, 536875500, 762896636
5000, 536875504, 542359749
5000, 536875508, 2697373774
5000, 536875512, 1007329428
5000, 536875516, 928750198
5000, 536875520, 444961146
5000, 536875524, 2634404985
5000, 536875528, 293553657
5000, 536875532, 3920162011
5000, 536875536, 1837504754
5000, 536875540, 2276874468
5000, 536875544, 1573919665
5000, 536875548, 2191403750
5000, 536875552, 1284131081
5000, 536875556, 2379875729
5000, 536875560, 4185361999
5000, 536875564, 805054115
5000, 536875568, 2896833272
5000, 536875572, 3853590397
5000, 536875576, 668530109
5000, 536875580, 571668288
5000, 536875584, 921462089
5000, 536875588, 950746662
5000, 536875592, 3630296707
5000, 536875596, 3647325931
5000, 536875600, 2765407523
5000, 536875604, 2986556701
5000, 536875608, 1677102034
5000, 536875612, 1869028821
5000, 536875616, 1065035384
5000, 536875620, 1932145185
5000, 536875624, 1248498328
5000, 536875628, 1527256689
5000, 536875632, 2346503029
5000, 536875636, 2322616045
5000, 536875640, 2661973498
5000, 536875644, 2336743037
5000, 536875648, 121573036
5000, 536875652, 3301302036
5000, 536875656, 209042441
5000, 536875660, 2966224546
5000, 536875664, 3168337963
5000, 536875668, 2129941769
5000, 536875672, 1958559379
5000, 536875676, 783112850
5000, 536875680, 1845897642
5000, 536875684, 1305564725
5000, 536875688, 634713971
5000, 536875692, 2935800592
5000, 536875696, 2431973179
5000, 536875700, 1735759783
5000, 536875704, 343726034
5000, 536875708, 327061382
5000, 536875712, 1815977743
5000, 536875716, 2880356098
5000, 536875720, 2925242546
5000, 536875724, 3734677372
5000, 536875728, 1145273659
5000, 536875732, 379988200
5000, 536875736, 539568682
5000, 536875740, 1076981170
5000, 536875744, 1234178565
5000, 536875748, 1778522120
5000, 536875752, 2767177034
5000, 536875756, 3883754844
5000, 536875760, 2144194412
5000, 536875764, 2129380092
5000, 536875768, 795404522
5000, 536875772, 1307745601
5000, 536875776, 3229631418
5000, 536875780, 3315996532
5000, 536875784, 3111012689
5000, 536875788, 2310699553
5000, 536875792, 3156951305
5000, 536875796, 2892717642
5000, 536875800, 1749517462
5000, 536875804, 2765890222
5000, 536875808, 1088862906
5000, 536875812, 1583700775
5000, 536875816, 2814190493
5000, 536875820, 3793177198
5000, 536875824, 2158668332
5000, 536875828, 3597330028
5000, 536875832, 4215709928
5000, 536875836, 1869562488
5000, 536875840, 1983745170
5000, 536875844, 2560932912
5000, 536875848, 3023816937
5000, 536875852, 1562352796
5000, 536875856, 2183122109
5000, 536875860, 881794062
5000, 536875864, 2326366491
5000, 536875868, 355277199
5000, 536875872, 3227930039
5000, 536875876, 945457443
5000, 536875880, 3683268978
5000, 536875884, 3187067198
5000, 536875888, 3490540082
5000, 536875892, 3290423015
5000, 536875896, 2160044712
5000, 536875900, 1091925621
5000, 536875904, 964731054
5000, 536875908, 2038922372
5000, 536875912, 1784414277
5000, 536875916, 1756403984
5000, 536875920, 4062843698
5000, 536875924, 56033492
5000, 536875928, 3711661510
5000, 536875932, 671199791
5000, 536875936, 578987630
5000, 536875940, 87072060
5000, 536875944, 1862311765
5000, 536875948, 4012036018
5000, 536875952, 3173691698
5000, 536875956, 1432522028
5000, 536875960, 2388956245
5000, 536875964, 288013424
5000, 536875968, 3581683449
5000, 536875972, 2181207658
5000, 536875976, 3993669540
5000, 536875980, 1428469281
5000, 536875984, 946213236
5000, 536875988, 3086094500
5000, 536875992, 3418266216
5000, 536875996, 4123695356
5000, 536876000, 2300087867
5000, 536876004, 2240776753
5000, 536876008, 451389665
5000, 536876012, 1565491028
5000, 536876016, 4101897971
5000, 536876020, 1618918346
5000, 536876024, 704348170
5000, 536876028, 133552466
5000, 536876032, 3900742142
5000, 536876036, 1971623856
5000, 536876040, 1015616916
5000, 536876044, 3852695762
5000, 536876048, 2408326688
5000, 536876052, 2679411529
5000, 536876056, 1099901148
5000, 536876060, 44925640
5000, 536876064, 25508527
5000, 536876068, 135072677
5000, 536876072, 492567893
5000, 536876076, 680949961
5000, 536876080, 706351464
5000, 536876084, 1376120650
5000, 536876088, 1300831742
5000, 536876092, 72195704
5000, 536876096, 1330464078
5000, 536876100, 2462656777
5000, 536876104, 583616517
5000, 536876108, 1207521537
5000, 536876112, 3579268645
5000, 536876116, 2074156046
5000, 536876120, 1036726035
5000, 536876124, 3578582046
5000, 536876128, 450663491
5000, 536876132, 1891346575
5000, 536876136, 1918614242
5000, 536876140, 1086172743
5000, 536876144, 1428002576
5000, 536876148, 171172336
5000, 536876152, 245494057
5000, 536876156, 2101859218
5000, 536876160, 640480881
5000, 536876164, 1514305007
5000, 536876168, 1473398175
5000, 536876172, 174634758
5000, 536876176, 349623473
5000, 536876180, 2122143120
5000, 536876184, 3298181997
5000, 536876188, 2024306060
5000, 536876192, 3868339168
5000, 536876196, 4263510352
5000, 536876200, 2439227204
5000, 536876204, 3532793130
5000, 536876208, 2285537866
5000, 536876212, 4237442899
5000, 536876216, 1127802053
5000, 536876220, 3330974592
5000, 536876224, 1937590637
5000, 536876228, 3265470808
5000, 536876232, 2687474395
5000, 536876236, 4121089273
5000, 536876240, 3647856397
5000, 536876244, 2740600250
5000, 536876248, 170060028
5000, 536876252, 4188732781
5000, 536876256, 3692473557
5000, 536876260, 3510288114
5000, 536876264, 2015972484
5000, 536876268, 1430943902
5000, 536876272, 2435446868
5000, 536876276, 186147046
5000, 536876280, 1065798326
5000, 536876284, 528926036
5000, 536876288, 2481276492
5000, 536876292, 2281166613
5000, 536876296, 484997913
5000, 536876300, 2370487065
5000, 536876304, 1344859796
5000, 536876308, 2545749635
5000, 536876312, 3318529963
5000, 536876316, 269190336
5000, 536876320, 3416685198
5000, 536876324, 1400261770
5000, 536876328, 1077936117
5000, 536876332, 305445400
5000, 536876336, 573348170
5000, 536876340, 1817812862
5000, 536876344, 3461828849
5000, 536876348, 3960639602
5000, 536876352, 1977028437
5000, 536876356, 2768407088
5000, 536876360, 2334761134
5000, 536876364, 1853113620
5000, 536876368, 960254185
5000, 536876372, 2367851656
5000, 536876376, 2198701803
5000, 536876380, 1400489369
5000, 536876384, 3882734677
5000, 536876388, 4016598534
5000, 536876392, 3100945323
5000, 536876396, 2916106599
5000, 536876400, 2145179360
5000, 536876404, 1907989536
5000, 536876408, 3904224643
5000, 536876412, 1356716971
5000, 536876416, 3334182631
5000, 536876420, 18453375
5000, 536876424, 3216447708
5000, 536876428, 3218578032
5000, 536876432, 2934165803
5000, 536876436, 4197942003
5000, 536876440, 1081463058
5000, 536876444, 2281874147
5000, 536876448, 989600782
5000, 536876452, 815697951
5000, 536876456, 459597080
5000, 536876460, 10525716
5000, 536876464, 2886084494
5000, 536876468, 3578914653
5000, 536876472, 1094183477
5000, 536876476, 3859850031
5000, 536876480, 3606450833
5000, 536876484, 3022935291
5000, 536876488, 2774686410
5000, 536876492, 3309548874
5000, 536876496, 604086732
5000, 536876500, 1030241494
5000, 536876504, 3033589298
5000, 536876508, 1968292052
5000, 536876512, 3227250161
5000, 536876516, 4182649398
5000, 536876520, 2856134697
5000, 536876524, 1540732733
5000, 536876528, 2843457997
5000, 536876532, 1592054696
5000, 536876536, 1656243720
5000, 536876540, 3002230569
5000, 536876544, 4192747048
5000, 536876548, 2404856857
5000, 536876552, 2545731988
5000, 536876556, 131598714
5000, 536876560, 2240495990
5000, 536876564, 4103559019
5000, 536876568, 3237040247
5000, 536876572, 1793563713
5000, 536876576, 3000684222
5000, 536876580, 1263545576
5000, 536876584, 2124805300
5000, 536876588, 3945216698
5000, 536876592, 3939010036
5000, 536876596, 79719264
5000, 536876600, 1765695582
5000, 536876604, 3896271412
5000, 536876608, 1032693699
5000, 536876612, 2763459810
5000, 536876616, 466261032
5000, 536876620, 2720995169
5000, 536876624, 1977459876
5000, 536876628, 2535498469
5000, 536876632, 1757315104
5000, 536876636, 2089903620
5000, 536876640, 364434766
5000, 536876644, 3374041708
5000, 536876648, 2800674153
5000, 536876652, 3417278584
5000, 536876656, 567393585
5000, 536876660, 2721108866
5000, 536876664, 3549235627
5000, 536876668, 3647985925
5000, 536876672, 3335288934
5000, 536876676, 1475968117
5000, 536876680, 1418984298
5000, 536876684, 4071119802
5000, 536876688, 1217423884
5000, 536876692, 3345832102
5000, 536876696, 3933042861
5000, 536876700, 3659336213
5000, 536876704, 1545874316
5000, 536876708, 3704754968
5000, 536876712, 2435279389
5000, 536876716, 3041049496
5000, 536876720, 3413233627
5000, 536876724, 3947350021
5000, 536876728, 1421203228
5000, 536876732, 1739768597
5000, 536876736, 1098283187
5000, 536876740, 1762610140
5000, 536876744, 1465954180
5000, 536876748, 1562646348
5000, 536876752, 3610023745
5000, 536876756, 1614634368
5000, 536876760, 3812239266
5000, 536876764, 3006527472
5000, 536876768, 3887551236
5000, 536876772, 3608795339
5000, 536876776, 419133272
5000, 536876780, 85148958
5000, 536876784, 1459583856
5000, 536876788, 2141011381
5000, 536876792, 2159883379
5000, 536876796, 1192040853
5000, 536876800, 2887559733
5000, 536876804, 285174781
5000, 536876808, 1472639309
5000, 536876812, 934013798
5000, 536876816, 549495576
5000, 536876820, 1982371175
5000, 536876824, 3210167671
5000, 536876828, 2788066617
5000, 536876832, 2076050445
5000, 536876836, 4049638775
5000, 536876840, 4031062782
5000, 536876844, 2114494694
5000, 536876848, 3099501168
5000, 536876852, 821590843
5000, 536876856, 362207079
5000, 536876860, 552550766
5000, 536876864, 2236965203
5000, 536876868, 2624522795
5000, 536876872, 201337451
5000, 536876876, 307297391
5000, 536876880, 2154110207
5000, 536876884, 2184128858
5000, 536876888, 2394728892
5000, 536876892, 3396106540
5000, 536876896, 3309659181
5000, 536876900, 2850538302
5000, 536876904, 1780715108
5000, 536876908, 3548117849
5000, 536876912, 1201868732
5000, 536876916, 3479676584
5000, 536876920, 918583408
5000, 536876924, 3174395040
5000, 536876928, 1651081169
5000, 536876932, 1958828144
5000, 536876936, 3994335351
5000, 536876940, 3956574966
5000, 536876944, 436380212
5000, 536876948, 2535366672
5000, 536876952, 3796090077
5000, 536876956, 3874420413
5000, 536876960, 3592621296
5000, 536876964, 1942988100
5000, 536876968, 3753251358
5000, 536876972, 916363210
5000, 536876976, 2070583604
5000, 536876980, 4292429199
5000, 536876984, 496449490
5000, 536876988, 4190711444
5000, 536876992, 1442248541
5000, 536876996, 2978345549
5000, 536877000, 4249548815
5000, 536877004, 3981133355
5000, 536877008, 1444083285
5000, 536877012, 717397800
5000, 536877016, 2728950681
5000, 536877020, 2039484985
5000, 536877024, 3342200093
5000, 536877028, 3947498138
5000, 536877032, 3272153214
5000, 536877036, 1399609583
5000, 536877040, 2633273428
5000, 536877044, 1184866468
5000, 536877048, 2316042186
5000, 536877052, 357636324
5000, 536877056, 773523234
5000, 536877060, 1918195027
5000, 536877064, 1709851902
5000, 536877068, 2027684515
5000, 536877072, 2320165948
5000, 536877076, 3153223292
5000, 536877080, 273750387
5000, 536877084, 182763694
5000, 536877088, 582822254
5000, 536877092, 1783884286
5000, 536877096, 226326348
5000, 536877100, 2874829353
5000, 536877104, 407787982
5000, 536877108, 408894799
5000, 536877112, 4134778247
5000, 536877116, 300924841
5000, 536877120, 1599943766
5000, 536877124, 3128412960
5000, 536877128, 1664035885
5000, 536877132, 4255079993
5000, 536877136, 3784537393
5000, 536877140, 2346679329
5000, 536877144, 469428777
5000, 536877148, 3755395396
5000, 536877152, 1508758339
5000, 536877156, 1788972616
5000, 536877160, 2733637834
5000, 536877164, 3636003267
5000, 536877168, 2718417052
5000, 536877172, 3358558888
5000, 536877176, 220970888
5000, 536877180, 4186791904
5000, 536877184, 3075924261
5000, 536877188, 22322013
5000, 536877192, 394237295
5000, 536877196, 181938727
5000, 536877200, 3657983867
5000, 536877204, 2616226166
5000, 536877208, 1013019475
5000, 536877212, 734286702
5000, 536877216, 1378454110
5000, 536877220, 1427892831
5000, 536877224, 3315503377
5000, 536877228, 3834767737
5000, 536877232, 534149794
5000, 536877236, 1037524113
5000, 536877240, 3001907193
5000, 536877244, 3201607226
5000, 536877248, 3764407186
5000, 536877252, 2735246223
5000, 536877256, 2230323877
5000, 536877260, 2245066645
5000, 536877264, 1162561508
5000, 536877268, 972734630
5000, 536877272, 1285687715
5000, 536877276, 1168967587
5000, 536877280, 1819406949
5000, 536877284, 499079339
5000, 536877288, 1119759352
5000, 536877292, 3012496213
5000, 536877296, 2010607066
5000, 536877300, 3636390751
5000, 536877304, 2846400891
5000, 536877308, 888447327
5000, 536877312, 2020337816
5000, 536877316, 1105927880
5000, 536877320, 868294337
5000, 536877324, 397217481
5000, 536877328, 2324208289
5000, 536877332, 3533166960
5000, 536877336, 1603902576
5000, 536877340, 2046935610
5000, 536877344, 505071662
5000, 536877348, 2619600804
5000, 536877352, 1494613833
5000, 536877356, 2550622993
5000, 536877360, 3792407339
5000, 536877364, 2598002203
5000, 536877368, 2433938550
5000, 536877372, 840104598
5000, 536877376, 557139295
5000, 536877380, 2460594411
5000, 536877384, 3490535410
5000, 536877388, 3584152033
5000, 536877392, 4085269467
5000, 536877396, 2745837267
5000, 536877400, 2720738087
5000, 536877404, 439677735
5000, 536877408, 1965777710
5000, 536877412, 1143202344
5000, 536877416, 246343173
5000, 536877420, 4104254484
5000, 536877424, 3699648091
5000, 536877428, 1596098125
5000, 536877432, 1052388577
5000, 536877436, 2132755534
5000, 536877440, 3968772330
5000, 536877444, 2013449278
5000, 536877448, 2963257359
5000, 536877452, 573237546
5000, 536877456, 3024751488
5000, 536877460, 945488337
5000, 536877464, 1973198798
5000, 536877468, 3412821750
5000, 536877472, 3769303721
5000, 536877476, 1155986077
5000, 536877480, 3022207030
5000, 536877484, 12071043
5000, 536877488, 1218147617
5000, 536877492, 1413329796
5000, 536877496, 1942807237
5000, 536877500, 3359516804
5000, 536877504, 3046561651
5000, 536877508, 430675817
5000, 536877512, 1184532665
5000, 536877516, 1439341753
5000, 536877520, 519069073
5000, 536877524, 2902367083
5000, 536877528, 2863366697
5000, 536877532, 1163925341
5000, 536877536, 739049883
5000, 536877540, 2953484166
5000, 536877544, 399204755
5000, 536877548, 2547660614
5000, 536877552, 2132751767
5000, 536877556, 1914742946
5000, 536877560, 2370532075
5000, 536877564, 2584214038
5000, 536877568, 4239550175
5000, 536877572, 3281871827
5000, 536877576, 2630169681
5000, 536877580, 1068087235
5000, 536877584, 2379136234
5000, 536877588, 1876516314
5000, 536877592, 318134240
5000, 536877596, 721097708
5000, 536877600, 3937278936
5000, 536877604, 3302620380
5000, 536877608, 4114549861
5000, 536877612, 2182143062
5000, 536877616, 1540088551
5000, 536877620, 4246079236
5000, 536877624, 289653990
5000, 536877628, 975315238
5000, 536877632, 1844979670
5000, 536877636, 3970142962
5000, 536877640, 573226147
5000, 536877644, 4009351040
5000, 536877648, 738630546
5000, 536877652, 806311979
5000, 536877656, 2362948056
5000, 536877660, 1977341195
5000, 536877664, 2279830601
5000, 536877668, 2799954953
5000, 536877672, 2877338009
5000, 536877676, 4040352949
5000, 536877680, 142628615
5000, 536877684, 3393817122
5000, 536877688, 911085290
5000, 536877692, 1087479603
5000, 536877696, 3673950369
5000, 536877700, 488983861
5000, 536877704, 3215928549
5000, 536877708, 1318174629
5000, 536877712, 2754638504
5000, 536877716, 2927183633
5000, 536877720, 2478822558
5000, 536877724, 2720542266
5000, 536877728, 1194043102
5000, 536877732, 2266476445
5000, 536877736, 3843763312
5000, 536877740, 722601653
5000, 536877744, 705883020
5000, 536877748, 4108173750
5000, 536877752, 1901543379
5000, 536877756, 2716784771
5000, 536877760, 1430548054
5000, 536877764, 1585497711
5000, 536877768, 3884182657
5000, 536877772, 1397595409
5000, 536877776, 2401447751
5000, 536877780, 3800177569
5000, 536877784, 3035661322
5000, 536877788, 2001803041
5000, 536877792, 4275128319
5000, 536877796, 652043911
5000, 536877800, 2317890250
5000, 536877804, 375131503
5000, 536877808, 2219852741
5000, 536877812, 3836909415
5000, 536877816, 4247447498
5000, 536877820, 2517815115
5000, 536877824, 3415535273
5000, 536877828, 1242983942
5000, 536877832, 3836802628
5000, 536877836, 4201310070
5000, 536877840, 2854073028
5000, 536877844, 3755857021
5000, 536877848, 3371715123
5000, 536877852, 2316351726
5000, 536877856, 1686020874
5000, 536877860, 1096094155
5000, 536877864, 754290034
5000, 536877868, 870128002
5000, 536877872, 2734334239
5000, 536877876, 601730879
5000, 536877880, 1238177821
5000, 536877884, 2911677203
5000, 536877888, 654923542
5000, 536877892, 2927702631
5000, 536877896, 400272512
5000, 536877900, 1741895139
5000, 536877904, 1666920758
5000, 536877908, 1768307072
5000, 536877912, 4292219992
5000, 536877916, 2101703006
5000, 536877920, 3839129171
5000, 536877924, 1856533595
5000, 536877928, 3326556450
5000, 536877932, 4067806532
5000, 536877936, 3327360215
5000, 536877940, 350210064
5000, 536877944, 252289691
5000, 536877948, 3578578269
5000, 536877952, 1931204088
5000, 536877956, 3595127204
5000, 536877960, 1141654482
5000, 536877964, 3321973259
5000, 536877968, 2884806299
5000, 536877972, 4223092373
5000, 536877976, 493239270
5000, 536877980, 4006477866
5000, 536877984, 973052114
5000, 536877988, 601184307
5000, 536877992, 2052430638
5000, 536877996, 674584111
5000, 536878000, 3139996846
5000, 536878004, 3688790608
5000, 536878008, 1091671245
5000, 536878012, 3790385723
5000, 536878016, 3524595794
5000, 536878020, 2317924936
5000, 536878024, 4200882282
5000, 536878028, 3964392299
5000, 536878032, 1365696081
5000, 536878036, 175301426
5000, 536878040, 3475174338
5000, 536878044, 3715437887
5000, 536878048, 2671990887
5000, 536878052, 2818804936
5000, 536878056, 3433639307
5000, 536878060, 3843118681
5000, 536878064, 3317817808
5000, 536878068, 3919314390
5000, 536878072, 2884215705
5000, 536878076, 3824795785
5000, 536878080, 3100183614
5000, 536878084, 2088736636
5000, 536878088, 1445303596
5000, 536878092, 1882624644
5000, 536878096, 2322595462
5000, 536878100, 1447529946
5000, 536878104, 1301632820
5000, 536878108, 781413423
5000, 536878112, 240704824
5000, 536878116, 424476405
5000, 536878120, 1031231823
5000, 536878124, 2977738736
5000, 536878128, 2295785253
5000, 536878132, 1729873701
5000, 536878136, 2090193671
5000, 536878140, 2079882786
5000, 536878144, 3441939803
5000, 536878148, 2963665576
5000, 536878152, 2402930358
5000, 536878156, 3510194643
5000, 536878160, 1397184288
5000, 536878164, 994822778
5000, 536878168, 1834256568
5000, 536878172, 2027866756
5000, 536878176, 3384911059
5000, 536878180, 2691018394
5000, 536878184, 1492406691
5000, 536878188, 2233737227
5000, 536878192, 127032609
5000, 536878196, 2079566635
5000, 536878200, 1848318546
5000, 536878204, 1820247832
5000, 536878208, 1551915118
5000, 536878212, 1472355020
5000, 536878216, 144117574
5000, 536878220, 583679556
5000, 536878224, 3417385542
5000, 536878228, 1441881397
5000, 536878232, 1784502224
5000, 536878236, 2599263146
5000, 536878240, 3904213667
5000, 536878244, 3790904754
5000, 536878248, 777579888
5000, 536878252, 1238997684
5000, 536878256, 2219352658
5000, 536878260, 3445562017
5000, 536878264, 1683095199
5000, 536878268, 1843048186
5000, 536878272, 3424920199
5000, 536878276, 4035063467
5000, 536878280, 3803136255
5000, 536878284, 1943430693
5000, 536878288, 4109149435
5000, 536878292, 3939276458
5000, 536878296, 2523271444
5000, 536878300, 3620549841
5000, 536878304, 1148548404
5000, 536878308, 2494724398
5000, 536878312, 1220184760
5000, 536878316, 531694289
5000, 536878320, 2515597018
5000, 536878324, 3282775506
5000, 536878328, 4022061025
5000, 536878332, 3704909271
5000, 536878336, 1312504386
5000, 536878340, 2062507988
5000, 536878344, 2689685779
5000, 536878348, 3934411910
5000, 536878352, 708329001
5000, 536878356, 4067284500
5000, 536878360, 643906830
5000, 536878364, 3773444744
5000, 536878368, 3263347258
5000, 536878372, 3342415091
5000, 536878376, 2637273150
5000, 536878380, 3005999292
5000, 536878384, 1046481256
5000, 536878388, 342228190
5000, 536878392, 1495523127
5000, 536878396, 2988462154
5000, 536878400, 1410363557
5000, 536878404, 2204793510
5000, 536878408, 3303481382
5000, 536878412, 3243042507
5000, 536878416, 4240385036
5000, 536878420, 2698969818
5000, 536878424, 128913058
5000, 536878428, 1284461763
5000, 536878432, 2138136270
5000, 536878436, 2586347640
5000, 536878440, 4049218564
5000, 536878444, 2001592637
5000, 536878448, 2969634173
5000, 536878452, 4105726878
5000, 536878456, 3466721316
5000, 536878460, 3333847366
5000, 536878464, 2393179164
5000, 536878468, 120705677
5000, 536878472, 2132284180
5000, 536878476, 1880684047
5000, 536878480, 3192548158
5000, 536878484, 1687572083
5000, 536878488, 2018149492
5000, 536878492, 2733031995
5000, 536878496, 2083531877
5000, 536878500, 2540031715
5000, 536878504, 3561169035
5000, 536878508, 2393507334
5000, 536878512, 2952365218
5000, 536878516, 3519632691
5000, 536878520, 627013133
5000, 536878524, 709786539
5000, 536878528, 3469591115
5000, 536878532, 3655645742
5000, 536878536, 2611718830
5000, 536878540, 3138418621
5000, 536878544, 2573286966
5000, 536878548, 690587822
5000, 536878552, 2848008008
5000, 536878556, 1558656493
5000, 536878560, 1301251168
5000, 536878564, 599697474
5000, 536878568, 2595662242
5000, 536878572, 1552351555
5000, 536878576, 3656553842
5000, 536878580, 155915063
5000, 536878584, 394945444
5000, 536878588, 1741566264
5000, 536878592, 4259961919
5000, 536878596, 4181308460
5000, 536878600, 3444589597
5000, 536878604, 4290947758
5000, 536878608, 3525220027
5000, 536878612, 387296707
5000, 536878616, 1343622143
5000, 536878620, 2401839760
5000, 536878624, 3895493758
5000, 536878628, 473126770
5000, 536878632, 1576205463
5000, 536878636, 1713388786
5000, 536878640, 3598643078
5000, 536878644, 2483933426
5000, 536878648, 3044412869
5000, 536878652, 820918411
5000, 536878656, 3574287455
5000, 536878660, 596517422
5000, 536878664, 1892110986
5000, 536878668, 831874292
5000, 536878672, 2795067212
5000, 536878676, 397077001
5000, 536878680, 4165963629
5000, 536878684, 1474808830
5000, 536878688, 3728743795
5000, 536878692, 2317782696
5000, 536878696, 3756696176
5000, 536878700, 2907981377
5000, 536878704, 4042629706
5000, 536878708, 2871650720
5000, 536878712, 2210145837
5000, 536878716, 2465750821
5000, 536878720, 3938951019
5000, 536878724, 896896581
5000, 536878728, 2600886886
5000, 536878732, 2161781470
5000, 536878736, 53678699
5000, 536878740, 3518199413
5000, 536878744, 3788838655
5000, 536878748, 1650528951
5000, 536878752, 2045777571
5000, 536878756, 478033207
5000, 536878760, 2667835242
5000, 536878764, 2315714410
5000, 536878768, 1231948844
5000, 536878772, 188794324
5000, 536878776, 470864856
5000, 536878780, 182755533
5000, 536878784, 2002245775
5000, 536878788, 2862047238
5000, 536878792, 2810400994
5000, 536878796, 1237648243
5000, 536878800, 645165550
5000, 536878804, 842426574
5000, 536878808, 981817224
5000, 536878812, 1064556702
5000, 536878816, 1563654344
5000, 536878820, 4071222699
5000, 536878824, 1904654957
5000, 536878828, 3565536589
5000, 536878832, 2440408025
5000, 536878836, 2414781166
5000, 536878840, 2022617897
5000, 536878844, 2119646044
5000, 536878848, 531396028
5000, 536878852, 1082938773
5000, 536878856, 3084249836
5000, 536878860, 142044065
5000, 536878864, 325757640
5000, 536878868, 2171855436
5000, 536878872, 907917163
5000, 536878876, 2055137642
5000, 536878880, 404343440
5000, 536878884, 4053472072
5000, 536878888, 965027549
5000, 536878892, 3418234376
5000, 536878896, 3181982603
5000, 536878900, 3037140807
5000, 536878904, 1583137621
5000, 536878908, 771801161
5000, 536878912, 3648443485
5000, 536878916, 4292001280
5000, 536878920, 3136292286
5000, 536878924, 1608775556
5000, 536878928, 1013288903
5000, 536878932, 2906677928
5000, 536878936, 2743247016
5000, 536878940, 3231077632
5000, 536878944, 4292454634
5000, 536878948, 3831831226
5000, 536878952, 179120418
5000, 536878956, 1834308195
5000, 536878960, 536127860
5000, 536878964, 2932108655
5000, 536878968, 3840040516
5000, 536878972, 2649224247
5000, 536878976, 2525241006
5000, 536878980, 3423864540
5000, 536878984, 3710932548
5000, 536878988, 1647362602
5000, 536878992, 737881608
5000, 536878996, 1200655424
5000, 536879000, 844242143
5000, 536879004, 697547157
5000, 536879008, 2798945439
5000, 536879012, 366482471
5000, 536879016, 886166966
5000, 536879020, 22610090
5000, 536879024, 3868192506
5000, 536879028, 2263932529
5000, 536879032, 644903396
5000, 536879036, 3459926382
5000, 536879040, 2233072727
5000, 536879044, 4240584078
5000, 536879048, 3446189935
5000, 536879052, 3715989261
5000, 536879056, 222153085
5000, 536879060, 847616554
5000, 536879064, 3123067424
5000, 536879068, 1367415322
5000, 536879072, 3606846560
5000, 536879076, 1350211629
5000, 536879080, 1789970988
5000, 536879084, 1546745949
5000, 536879088, 358900309
5000, 536879092, 2849663521
5000, 536879096, 1941344249
5000, 536879100, 495482578
5000, 536879104, 3248697518
5000, 536879108, 3813041485
5000, 536879112, 1452066559
5000, 536879116, 380249895
5000, 536879120, 1980744856
5000, 536879124, 1608763346
5000, 536879128, 1942115356
5000, 536879132, 3137621794
5000, 536879136, 3882518115
5000, 536879140, 2167477100
5000, 536879144, 807558109
5000, 536879148, 2179693471
5000, 536879152, 2760515658
5000, 536879156, 3549889990
5000, 536879160, 4082568186
5000, 536879164, 1326525122
5000, 536879168, 997564204
5000, 536879172, 596807331
5000, 536879176, 1986560832
5000, 536879180, 937131897
5000, 536879184, 1075298674
5000, 536879188, 171847674
5000, 536879192, 3148425869
5000, 536879196, 3898747482
5000, 536879200, 2534892765
5000, 536879204, 2871422405
5000, 536879208, 400805050
5000, 536879212, 2661678912
5000, 536879216, 2373785109
5000, 536879220, 2550432959
5000, 536879224, 679103734
5000, 536879228, 1484149828
5000, 536879232, 4197042531
5000, 536879236, 1162546455
5000, 536879240, 1193017244
5000, 536879244, 2172819602
5000, 536879248, 1752741180
5000, 536879252, 1430640782
5000, 536879256, 4126646681
5000, 536879260, 636431009
5000, 536879264, 4050166754
5000, 536879268, 1817785636
5000, 536879272, 1965315550
5000, 536879276, 1257271043
5000, 536879280, 1378958694
5000, 536879284, 2109816807
5000, 536879288, 979797104
5000, 536879292, 2884938989
5000, 536879296, 2582449495
5000, 536879300, 3752737719
5000, 536879304, 598929696
5000, 536879308, 1461837925
5000, 536879312, 870242576
5000, 536879316, 2786626155
5000, 536879320, 2181886570
5000, 536879324, 2278869673
5000, 536879328, 3653518939
5000, 536879332, 3907912510
5000, 536879336, 4214068616
5000, 536879340, 1146582907
5000, 536879344, 3016457428
5000, 536879348, 3999334316
5000, 536879352, 3606355459
5000, 536879356, 1180265863
5000, 536879360, 2460211427
5000, 536879364, 3564619088
5000, 536879368, 584255842
5000, 536879372, 2960213361
5000, 536879376, 643252401
5000, 536879380, 423719709
5000, 536879384, 271485968
5000, 536879388, 3424840245
5000, 536879392, 3129904332
5000, 536879396, 3182413027
5000, 536879400, 2057294688
5000, 536879404, 2297818661
5000, 536879408, 4196911970
5000, 536879412, 1052492644
5000, 536879416, 3251461405
5000, 536879420, 788051298
5000, 536879424, 4152352085
5000, 536879428, 1727572346
5000, 536879432, 3751943234
5000, 536879436, 1277040881
5000, 536879440, 7690197
5000, 536879444, 3662199427
5000, 536879448, 817263530
5000, 536879452, 2991805825
5000, 536879456, 1649612053
5000, 536879460, 1260587822
5000, 536879464, 226495036
5000, 536879468, 3745080189
5000, 536879472, 2845005162
5000, 536879476, 3089554936
5000, 536879480, 951004294
5000, 536879484, 1460501868
5000, 536879488, 3736197966
5000, 536879492, 1561654090
5000, 536879496, 425183012
5000, 536879500, 3496076064
5000, 536879504, 710356740
5000, 536879508, 729721321
5000, 536879512, 550795866
5000, 536879516, 569159818
5000, 536879520, 296832894
5000, 536879524, 1704289339
5000, 536879528, 1363538851
5000, 536879532, 3766758707
5000, 536879536, 1673424583
5000, 536879540, 1438096857
5000, 536879544, 4101919350
5000, 536879548, 2789639828
5000, 536879552, 1381712789
5000, 536879556, 806312788
5000, 536879560, 3594372643
5000, 536879564, 4166883414
5000, 536879568, 3026568214
5000, 536879572, 3021524198
5000, 536879576, 2914346203
5000, 536879580, 3582289241
5000, 536879584, 4229198656
5000, 536879588, 2937682665
5000, 536879592, 2484276901
5000, 536879596, 2782089983
5000, 536879600, 2010487765
5000, 536879604, 3775175630
5000, 536879608, 2441219883
5000, 536879612, 1808826301
5000, 536879616, 33651860
5000, 536879620, 3833332203
5000, 536879624, 4268136373
5000, 536879628, 3122528790
5000, 536879632, 2796130157
5000, 536879636, 2504210256
5000, 536879640, 2245352801
5000, 536879644, 3894967608
5000, 536879648, 1061919217
5000, 536879652, 2026196183
5000, 536879656, 3898066300
5000, 536879660, 3095852778
5000, 536879664, 4220305066
5000, 536879668, 4198622854
5000, 536879672, 2251018353
5000, 536879676, 4008272545
5000, 536879680, 1400259861
5000, 536879684, 1608611988
5000, 536879688, 3164842250
5000, 536879692, 4283979894
5000, 536879696, 2476569435
5000, 536879700, 2276025032
5000, 536879704, 4022374628
5000, 536879708, 3360182738
5000, 536879712, 2136035669
5000, 536879716, 162590344
5000, 536879720, 1787851432
5000, 536879724, 2023182988
5000, 536879728, 3847274853
5000, 536879732, 125932118
5000, 536879736, 573746076
5000, 536879740, 531876436
5000, 536879744, 2801296788
5000, 536879748, 3061720401
5000, 536879752, 890565972
5000, 536879756, 2754698514
5000, 536879760, 3927876484
5000, 536879764, 3982218801
5000, 536879768, 2153083709
5000, 536879772, 2312223545
5000, 536879776, 3944850220
5000, 536879780, 3750964501
5000, 536879784, 2638564433
5000, 536879788, 3315576603
5000, 536879792, 4078221718
5000, 536879796, 1268703038
5000, 536879800, 1562245573
5000, 536879804, 1747229318
5000, 536879808, 3719632657
5000, 536879812, 3314817927
5000, 536879816, 319376906
5000, 536879820, 1235085527
5000, 536879824, 4152448055
5000, 536879828, 1732965042
5000, 536879832, 2752224269
5000, 536879836, 1426181048
5000, 536879840, 3926836572
5000, 536879844, 1837796422
5000, 536879848, 648363909
5000, 536879852, 2478251495
5000, 536879856, 477106563
5000, 536879860, 2285484522
5000, 536879864, 3967682978
5000, 536879868, 1635004862
5000, 536879872, 3441108653
5000, 536879876, 1373318213
5000, 536879880, 3972748509
5000, 536879884, 918303915
5000, 536879888, 1020716171
5000, 536879892, 1950592433
5000, 536879896, 929927767
5000, 536879900, 1713398966
5000, 536879904, 1521333834
5000, 536879908, 2018301790
5000, 536879912, 3828966646
5000, 536879916, 1958460324
5000, 536879920, 1157191818
5000, 536879924, 1346992247
5000, 536879928, 1338230534
5000, 536879932, 1808417421
5000, 536879936, 3755793538
5000, 536879940, 2966375097
5000, 536879944, 3409172209
5000, 536879948, 3063051377
5000, 536879952, 3714397913
5000, 536879956, 3975047149
5000, 536879960, 3370774333
5000, 536879964, 1374027772
5000, 536879968, 1186029463
5000, 536879972, 2695365482
5000, 536879976, 2535500888
5000, 536879980, 2125534845
5000, 536879984, 1590777282
5000, 536879988, 4270062289
5000, 536879992, 735245034
5000, 536879996, 1289222127
5000, 536880000, 2931835843
5000, 536880004, 3320797020
5000, 536880008, 278293620
5000, 536880012, 2365006573
5000, 536880016, 411476652
5000, 536880020, 3231100285
5000, 536880024, 1678464726
5000, 536880028, 2533889526
5000, 536880032, 2055701398
5000, 536880036, 349270493
5000, 536880040, 3579700446
5000, 536880044, 2961170812
5000, 536880048, 2239401209
5000, 536880052, 199293293
5000, 536880056, 1207298404
5000, 536880060, 2735978734
5000, 536880064, 1479957458
5000, 536880068, 1688780586
5000, 536880072, 817596043
5000, 536880076, 1711239843
5000, 536880080, 1912370207
5000, 536880084, 3313500614
5000, 536880088, 730511150
5000, 536880092, 3382178213
5000, 536880096, 1746226855
5000, 536880100, 1644879726
5000, 536880104, 3417844384
5000, 536880108, 3658773861
5000, 536880112, 3965369169
5000, 536880116, 3798125264
5000, 536880120, 1856700187
5000, 536880124, 1694174359
5000, 536880128, 3601574620
5000, 536880132, 4169640949
5000, 536880136, 4033846425
5000, 536880140, 1558939864
5000, 536880144, 2495163441
5000, 536880148, 4127005445
5000, 536880152, 1281570406
5000, 536880156, 2263365233
5000, 536880160, 1389887550
5000, 536880164, 1347313978
5000, 536880168, 3787779773
5000, 536880172, 602730272
5000, 536880176, 3645275822
5000, 536880180, 3554744758
5000, 536880184, 1542836984
5000, 536880188, 1445516280
5000, 536880192, 4042094035
5000, 536880196, 541500682
5000, 536880200, 532031484
5000, 536880204, 3724107534
5000, 536880208, 2742838773
5000, 536880212, 2937998758
5000, 536880216, 1115700759
5000, 536880220, 2761064337
5000, 536880224, 290804500
5000, 536880228, 1524783759
5000, 536880232, 23000227
5000, 536880236, 1677022671
5000, 536880240, 635222304
5000, 536880244, 347355200
5000, 536880248, 3191492498
5000, 536880252, 1056789594
5000, 536880256, 608359847
5000, 536880260, 675600197
5000, 536880264, 2902447452
5000, 536880268, 2829714041
5000, 536880272, 2868553346
5000, 536880276, 2279327209
5000, 536880280, 3058236508
5000, 536880284, 3209203306
5000, 536880288, 720017532
5000, 536880292, 1365244641
5000, 536880296, 588740265
5000, 536880300, 650329834
5000, 536880304, 2550149160
5000, 536880308, 827684731
5000, 536880312, 1585776342
5000, 536880316, 4019333677
5000, 536880320, 2111253910
5000, 536880324, 583413602
5000, 536880328, 2200340308
5000, 536880332, 3494053858
5000, 536880336, 1196263312
5000, 536880340, 737134195
5000, 536880344, 3761670751
5000, 536880348, 1618474203
5000, 536880352, 3120452355
5000, 536880356, 438512994
5000, 536880360, 1294033044
5000, 536880364, 1325478970
5000, 536880368, 3363266633
5000, 536880372, 1794609488
5000, 536880376, 2205057434
5000, 536880380, 1164957713
5000, 536880384, 2644421278
5000, 536880388, 3551548974
5000, 536880392, 1425655673
5000, 536880396, 3772854143
5000, 536880400, 780842891
5000, 536880404, 1234728729
5000, 536880408, 1185614931
5000, 536880412, 2866706936
5000, 536880416, 3875734146
5000, 536880420, 2257682278
5000, 536880424, 2088343659
5000, 536880428, 641363370
5000, 536880432, 3666803323
5000, 536880436, 1188493405
5000, 536880440, 2673571581
5000, 536880444, 2176457836
5000, 536880448, 3334853845
5000, 536880452, 3399988236
5000, 536880456, 3517966251
5000, 536880460, 1710169564
5000, 536880464, 2546444173
5000, 536880468, 2416146607
5000, 536880472, 697239105
5000, 536880476, 4208276945
5000, 536880480, 3478090845
5000, 536880484, 3470717033
5000, 536880488, 3488724466
5000, 536880492, 2203298343
5000, 536880496, 1704033791
5000, 536880500, 3843955951
5000, 536880504, 17442366
5000, 536880508, 289447252
5000, 536880512, 886498835
5000, 536880516, 1598633033
5000, 536880520, 1966030609
5000, 536880524, 3324652453
5000, 536880528, 1512995336
5000, 536880532, 18572756
5000, 536880536, 125424748
5000, 536880540, 220741878
5000, 536880544, 870163464
5000, 536880548, 1507828909
5000, 536880552, 3586428527
5000, 536880556, 2708635338
5000, 536880560, 2118422476
5000, 536880564, 2880365853
5000, 536880568, 1640852056
5000, 536880572, 3389748218
5000, 536880576, 2603552093
5000, 536880580, 3490419474
5000, 536880584, 2726408491
5000, 536880588, 3243221554
5000, 536880592, 1702720879
5000, 536880596, 3672785363
5000, 536880600, 3624909538
5000, 536880604, 1571319166
5000, 536880608, 1266119156
5000, 536880612, 1675565863
5000, 536880616, 3481715110
5000, 536880620, 493435891
5000, 536880624, 1177862167
5000, 536880628, 2697650854
5000, 536880632, 2463294250
5000, 536880636, 2966874051
5000, 536880640, 969440521
5000, 536880644, 1540390178
5000, 536880648, 1965330568
5000, 536880652, 1822852770
5000, 536880656, 3602156742
5000, 536880660, 2155136477
5000, 536880664, 1458900316
5000, 536880668, 2692154862
5000, 536880672, 4072455074
5000, 536880676, 1638141914
5000, 536880680, 1067781051
5000, 536880684, 573015002
5000, 536880688, 732679982
5000, 536880692, 1450171701
5000, 536880696, 2218549313
5000, 536880700, 3161159727
5000, 536880704, 2521332056
5000, 536880708, 2721239930
5000, 536880712, 2319212043
5000, 536880716, 1999765404
5000, 536880720, 3762668553
5000, 536880724, 3928681137
5000, 536880728, 3836068544
5000, 536880732, 3451964839
5000, 536880736, 3986984020
5000, 536880740, 3927173857
5000, 536880744, 2690207470
5000, 536880748, 549978089
5000, 536880752, 1473662504
5000, 536880756, 2809240440
5000, 536880760, 3785337526
5000, 536880764, 1939036181
5000, 536880768, 1335917414
5000, 536880772, 3468032273
5000, 536880776, 2585007902
5000, 536880780, 3064146833
5000, 536880784, 2970713514
5000, 536880788, 3662826842
5000, 536880792, 407481772
5000, 536880796, 2597911320
5000, 536880800, 2313727214
5000, 536880804, 1425919061
5000, 536880808, 1861835291
5000, 536880812, 4142358703
5000, 536880816, 3396008706
5000, 536880820, 845215008
5000, 536880824, 3052027849
5000, 536880828, 1869131658
5000, 536880832, 398823511
5000, 536880836, 2477175038
5000, 536880840, 3935316654
5000, 536880844, 2610707668
5000, 536880848, 1662340206
5000, 536880852, 991488202
5000, 536880856, 3649606059
5000, 536880860, 2099235352
5000, 536880864, 2953234205
5000, 536880868, 3056233422
5000, 536880872, 2903107042
5000, 536880876, 1426947463
5000, 536880880, 4078822628
5000, 536880884, 3266379700
5000, 536880888, 3841666024
5000, 536880892, 580086132
5000, 536880896, 1730931953
5000, 536880900, 1716512116
5000, 536880904, 3604867556
5000, 536880908, 3237068552
5000, 536880912, 4171152362
